Rk,Team,Conf,G,Rec,AdjOE,AdjDE,Barthag,EFG%,EFGD%,TOR,TORD,ORB,DRB,FTR,FTRD,2P%,2P%D,3P%,3P%D,Adj T.,WAB
1,"Houston
   (H) 71 Tulane",Amer,27,"25-2
13–1","120.8
3","91.5
8",".9605
1","53.8
33","41.9
3","15
12","22.4
24","37.3
5","28.3
178","27.3
301","33
230","54.3
38","43.1
5","35.4
100","27
3","63.3
347","6.7
4"
2,"Alabama
   (A) 241 South Carolina",SEC,27,"23-4
13–1","118.8
9","90.0
3",".9603
2","53.8
33","41.1
1","19
227","15.8
320","33
44","27.7
144","38.2
32","32.9
228","54
45","41.9
1","35.7
86","26.4
2","73.5
3","7.7
2"
3,UCLA,P12,27,"23-4
14–2","113.7
29","88.6
2",".9467
3","51.7
121","46.7
31","15.6
26","24.7
5","34.8
21","27.9
156","25.2
335","26.1
48","50.9
156","47.2
61","35.7
86","30.7
27","66.6
232","5.6
7"
4,Tennessee,SEC,28,"20-8
9–6","110.9
65","87.2
1",".9408
4","49.2
241","41.1
1","18.4
184","23.1
17","37.3
5","27.4
130","31.4
175","36.3
289","49.9
199","43.7
6","32
277","25
1","66.3
252","2.9
20"
5,Purdue,B10,28,"24-4
13–4","119.1
8","93.7
17",".9402
5","52.8
69","46.5
25","17.4
99","15.5
333","38.1
2","23.2
14","35.6
67","18
1","54.4
37","47.2
61","33.5
204","30.1
21","64.2
332","6.9
3"
6,Saint Mary's,WCC,28,"24-5
13–1","113.7
32","90.1
4",".9354
6","52.6
75","45.7
16","16.5
55","19.3
113","34.1
25","21.8
2","29.1
251","29.1
127","51.3
135","44.3
9","36.5
54","32.5
89","62.4
358","3.7
15"
7,"Connecticut
   (H) 33 Providence",BE,27,"20-7
9–7","117.6
14","94.4
22",".9260
7","52.6
75","45.1
9","18.7
210","20
82","38.2
1","25.4
56","32.7
131","39.9
334","52.4
80","45.6
26","35.2
108","29.3
14","67.6
177","3.5
16"
8,Arizona,P12,28,"24-4
13–4","119.8
5","96.4
37",".9244
8","56.2
5","46.8
35","18.4
184","17.2
242","32.1
73","26
72","36.1
56","25.8
44","56.6
12","45.5
22","37.2
34","32.5
89","72.8
8","6.1
6"
9,San Diego St.,MWC,26,"22-5
13–2","114.6
25","92.4
9",".9226
9","51.3
141","48.2
76","17.8
130","20
82","31.2
94","25
39","35.7
64","30.4
163","50.8
158","51.9
256","34.7
147","28.6
7","67.2
204","4.6
11"
10,Kansas,B12,28,"23-5
11–4","115.6
20","93.8
19",".9173
10","52.6
75","46.8
35","17.2
90","20.3
72","30.1
135","28.4
179","29.8
237","32.6
216","52.7
72","46
33","34.9
134","32.1
77","69.5
88","8.8
1"
11,Texas,B12,28,"22-6
11–4","117.9
13","95.9
31",".9144
11","53.7
37","48.5
84","16.6
64","22.4
24","29.4
159","29.2
214","31.7
162","34.6
262","54.6
32","48.2
90","34.6
154","32.7
100","69.2
103","6.2
5"
12,Creighton,BE,28,"18-10
12–5","114.6
24","93.4
15",".9136
12","54.2
28","47.1
42","16.8
68","15
344","25.4
273","23
13","27.6
297","19.2
2","55
24","45.7
28","35.3
107","33.7
153","67.9
160","1.8
31"
13,Baylor,B12,28,"20-8
9–6","122.9
2","100.3
91",".9121
13","53
58","51.1
210","17.6
114","19.8
88","35.6
14","29.5
226","37
45","32.5
215","51.5
119","53.1
306","36.6
48","31.8
66","67.3
197","5.3
8"
14,Gonzaga,WCC,27,"23-5
12–2","123.4
1","101.2
105",".9071
14","57.8
2","51.9
253","15
12","18.8
141","30.5
110","25.9
69","33.8
101","28.2
97","58.2
5","52.3
273","37.9
16","34.3
195","70.8
38","5.3
9"
15,Marquette,BE,28,"22-6
14–3","120.1
4","99.1
73",".9005
15","56.5
4","51.8
250","15.3
21","22.9
18","26.7
239","31
296","27
309","29.1
127","59.3
1","51.2
223","35.1
116","35.2
255","69.6
86","5.1
10"
16,Texas A&M,SEC,28,"21-7
13–2","116.1
17","96.2
36",".8968
16","49.9
214","47.8
61","18.3
176","21
48","37
7","29.6
233","46.4
3","36.2
287","50.2
180","46.4
41","33
228","33
110","66.4
244","2.5
27"
17,Arkansas,SEC,28,"19-9
8–7","112.0
48","92.9
11",".8951
17","53.1
54","45.8
19","18.4
184","20.7
61","30.2
128","27.2
118","37.9
34","37
301","55.4
20","44.8
14","31.5
297","32
69","69.8
77","1.4
38"
18,Iowa St.,B12,27,"17-10
8–7","110.0
82","91.4
6",".8937
18","51
158","49.3
116","19.7
268","25.5
2","33.3
37","27
112","27.3
301","40.1
337","51.3
135","49.4
148","33.5
204","32.7
100","64.7
319","2.6
26"
19,"Auburn
   (H) 123 Mississippi",SEC,27,"18-9
8–6","111.6
56","93.0
12",".8911
19","49.2
241","44
4","18.3
176","19.3
113","34.6
22","30.6
282","34.8
78","38.5
324","51.5
119","45.5
22","30
339","27.5
4","68.2
150","1.3
40"
20,Kansas St.,B12,28,"21-7
9–6","111.6
55","93.4
16",".8860
20","51
158","47.1
42","19.6
261","21.3
39","31.3
91","30
247","38.2
32","37
301","51.3
135","48.8
120","33.6
201","29.4
16","69.9
67","4.5
12"
21,TCU,B12,28,"18-10
7–8","112.3
43","94.0
20",".8851
21","50.6
178","47.5
52","17.1
83","22.5
21","32.2
67","30.5
272","35.2
76","28.9
120","53.5
51","48.4
96","29.1
353","30.6
26","70.4
45","1.6
35"
22,West Virginia,B12,28,"16-12
5–10","117.1
15","98.1
56",".8843
22","51.7
121","50
151","18.2
165","20.8
57","34
26","29.2
214","41.3
13","40.7
342","50.7
162","50.2
185","35.7
86","33.1
116","68.9
117","0.8
46"
23,"Virginia
   (A) 188 Boston College",ACC,25,"21-4
13–3","112.2
46","94.7
25",".8760
23","52.5
81","48.1
71","14.1
7","19.8
88","25.4
273","25.2
50","36.3
54","24.6
24","50.5
167","46.1
34","37.1
37","34.1
179","61.9
360","4.3
14"
24,Xavier,BE,28,"20-8
12–5","118.5
11","100.0
85",".8758
24","56
7","50.7
187","17.8
130","16.9
260","30.5
110","25.4
56","30.8
197","26.7
55","54.5
34","48.7
113","39.4
4","36.4
302","71.5
24","3.1
18"
25,Memphis,Amer,27,"20-7
10–4","114.2
27","97.0
43",".8666
25","52.9
65","47.2
45","18.6
205","21
48","31.4
89","31.4
309","35.6
67","36.8
297","53.9
47","46.8
51","33.7
196","31.7
61","72.1
18","2.7
22"
Rk,Team,Conf,G,Rec,AdjOE,AdjDE,Barthag,Efg%,EfgD%,TOR,TORD,ORB,DRB,FTR,FTRD,2P%,2P%D,3P%,3P%D,Adj T.,WAB
26,"Boise St.
   (H) 46 New Mexico",MWC,26,"21-6
11–3","109.6
85","93.1
14",".8664
26","52.1
95","46.6
28","17.1
83","17.9
199","27
230","22.7
8","28.9
261","27.3
68","51.2
142","47.5
69","35.7
86","30.1
21","67.1
207","2.6
25"
27,Michigan St.,B10,27,"17-10
9–7","111.3
60","94.7
24",".8659
27","50.5
188","46.5
25","16.6
64","14.9
347","27.5
219","25.1
45","24.4
344","28.9
120","47.8
273","48
85","37.5
24","29.3
14","65
310","2.2
28"
28,Rutgers,B10,27,"17-10
9–7","106.7
136","90.7
5",".8656
28","48.3
281","45.2
10","17.3
96","22.2
26","32.3
61","27.2
118","28.7
268","27
61","48.2
258","45.4
19","32.4
257","29.9
19","66.7
228","-0.1
57"
29,Indiana,B10,28,"19-9
10–7","114.3
26","97.8
51",".8574
29","54.4
26","47.2
45","17.8
130","16.7
272","29.5
153","26.6
93","30.4
217","29
124","53.4
56","46.2
36","38
14","32.5
89","68.4
143","2.7
23"
30,Oklahoma St.,B12,28,"16-12
7–8","108.4
106","93.0
13",".8542
30","50.4
192","45.7
16","21
324","19.3
113","31.2
94","28.9
195","33.8
101","31.2
183","51.8
105","45.5
22","32.2
265","30.8
33","68.4
146","0.6
50"
31,"Maryland
   (H) 227 Minnesota",B10,27,"18-9
9–7","111.2
62","95.8
29",".8484
31","50.2
199","46.7
31","16.5
55","18.6
157","30.2
128","27.2
118","34.5
87","28
88","52.6
76","46.9
54","30.7
331","30.8
33","65.7
283","1.3
41"
32,Miami FL,ACC,28,"23-5
14–4","119.1
7","102.6
130",".8481
32","54.8
22","50.6
182","16.4
48","18.7
146","32.4
59","29.7
238","30.7
202","23.5
15","54.7
28","51.6
239","36.7
45","32.6
94","68.9
113","4.4
13"
33,"Providence
   (A) 7 Connecticut",BE,27,"20-7
12–4","115.1
22","99.1
70",".8474
33","51.8
113","48
67","17.4
99","16.4
290","35.7
13","25.1
45","37.7
37","25.9
45","51.6
113","48.5
101","34.9
134","31.2
42","67.8
169","2.2
29"
34,"Liberty
   (A) 225 Queens",ASun,26,"22-7
13–3","111.5
58","96.2
34",".8445
34","56
7","48.9
98","16.7
67","19.5
101","25.3
280","20.5
1","25.5
332","28.1
92","57.2
8","47
57","36.5
54","34.7
222","64.6
321","-1.7
80"
35,Northwestern,B10,27,"20-7
11–5","109.3
91","94.4
21",".8437
35","47.7
302","47.6
56","15.1
15","21.9
30","28
205","27.4
130","31.4
175","30.9
175","47.7
277","46.2
36","31.8
285","33.1
116","65.8
274","2.7
21"
36,"North Carolina St.
   (H) 67 Wake Forest",ACC,28,"21-7
11–6","113.5
34","98.1
57",".8421
36","51.6
126","48.3
79","13.8
5","19.3
113","31.3
91","26.6
93","26.2
325","33.8
247","51
153","49.3
141","35
125","30.9
37","70
63","1.8
32"
37,Utah St.,MWC,28,"22-7
11–5","116.1
18","100.6
96",".8398
37","55.5
13","48.8
95","17.2
90","15.8
320","27.2
228","23.9
19","35.7
64","28.4
101","53.3
61","46.4
41","39
7","35.5
266","69
112","2.2
30"
38,Duke,ACC,28,"20-8
11–6","110.6
71","95.8
30",".8396
38","50.3
195","46.7
31","18.9
225","17.3
239","37.4
4","26.1
76","29
257","23
13","50.3
174","47
57","33.5
204","30.7
27","65.7
282","1.7
33"
39,Illinois,B10,27,"18-9
9–7","110.9
68","96.2
35",".8361
39","52.2
91","46
22","18.7
210","19
131","32.9
46","26.2
80","33.1
119","29.1
127","55.9
15","44.3
9","31.5
297","33.1
116","70.3
48","0.8
45"
40,"Cincinnati
   (H) 101 Temple",Amer,27,"18-10
9–6","111.6
54","97.1
45",".8330
40","51.6
126","47.7
59","15.1
15","17.4
234","30.3
123","27.6
143","24.4
344","29.2
132","50.5
167","47.5
69","35.5
97","32
69","68.8
126","-1.5
77"
41,"Kentucky
   (A) 62 Florida",SEC,27,"18-9
9–5","116.1
19","101.1
102",".8306
41","51.1
153","48.9
98","17
76","17.2
242","37.9
3","25.8
67","31.1
185","29.1
127","49.6
208","48.9
125","36.3
61","32.6
94","65.9
273","1.5
37"
42,Texas Tech,B12,28,"16-12
5–10","110.9
69","96.9
42",".8252
42","53
58","48.7
93","20.2
293","20.8
57","32
75","29.6
233","36.2
55","29
124","53.5
51","48.6
106","34.7
147","32.6
94","68
159","-0.4
61"
43,Nevada,MWC,27,"21-7
11–4","112.0
49","97.8
52",".8251
43","51.3
141","49
104","15.5
23","18.7
146","23
331","24.9
37","39.3
26","32.3
211","51.1
145","48.5
101","34.3
165","33.1
116","66.2
261","3.1
17"
44,"North Carolina
   (A) 149 Notre Dame",ACC,27,"16-11
8–8","111.9
50","98.1
55",".8208
44","49.5
228","49.3
116","15.1
15","15.4
336","30.3
123","23.7
16","37.8
36","26.4
52","51.6
113","48.7
113","30.6
334","33.6
145","69.6
85","-0.6
62"
45,Utah,P12,28,"17-11
10–7","109.1
93","95.6
28",".8206
45","50
210","44
4","18.2
165","15.5
333","31.7
80","27.9
156","30
231","23.8
18","49.3
219","44.6
13","34.2
167","28.6
7","66.6
236","-1.5
76"
46,"New Mexico
   (A) 26 Boise St.",MWC,26,"20-7
7–7","115.0
23","100.8
98",".8196
46","53.6
40","49.6
128","16.4
48","18.1
184","28.9
177","26.8
100","39.9
22","28.5
104","53.4
56","51.3
227","36.1
68","31.4
49","71.4
26","1
43"
47,"Iowa
   (A) 72 Wisconsin",B10,27,"17-10
9–7","119.6
6","105.0
179",".8175
47","51.9
106","52.3
276","14.4
8","18.7
146","31.6
82","28
164","33.1
119","21.7
4","52.3
87","51.9
256","34.2
167","35.5
266","70.2
49","0.6
48"
48,Oregon,P12,28,"15-13
9–8","113.6
33","99.9
80",".8150
48","51.4
133","48.1
71","19.2
240","16.8
266","32.3
61","26.7
99","32
150","23.8
18","54.1
43","46.3
39","31.6
292","33.9
165","66.7
229","-1.1
68"
49,Mississippi St.,SEC,28,"18-10
6–9","103.9
192","91.4
7",".8134
49","47.4
315","45.3
11","19.3
247","22.6
20","34.4
24","29.1
210","33.4
110","26.9
60","50.3
174","45.4
19","28
359","30.1
21","63.9
338","0.4
53"
50,USC,P12,27,"19-8
11–5","112.3
42","98.8
67",".8133
50","51.2
151","45.4
12","18.1
155","18.9
135","28.8
180","32.9
331","33
124","29.2
132","51.7
111","42.4
2","33.5
204","33.8
158","68.9
115","1.5
36"
Rk,Team,Conf,G,Rec,AdjOE,AdjDE,Barthag,Efg%,EfgD%,TOR,TORD,ORB,DRB,FTR,FTRD,2P%,2P%D,3P%,3P%D,Adj T.,WAB
51,Florida Atlantic,CUSA,25,"24-3
14–2","111.8
52","98.4
60",".8133
51","54.3
27","47
39","16.9
72","18.1
184","30.1
135","24.5
27","29.5
241","26.8
57","53.4
56","45
17","36.9
39","33.9
165","68.5
137","2.9
19"
52,Michigan,B10,27,"15-12
9–7","112.7
39","99.5
76",".8079
52","51.6
126","48.2
76","14.4
8","15.2
338","25.5
271","26.6
93","30.3
219","25.4
39","51.3
135","48.3
94","34.8
142","32
69","68.5
140","-2
84"
53,Washington St.,P12,28,"13-15
8–9","110.5
73","97.7
48",".8038
53","49.9
214","49.8
143","19
227","17
254","31.6
82","26.1
76","27.9
289","28.8
116","46.5
318","51
214","36.3
61","31.6
58","64.4
329","-3.6
118"
54,Penn St.,B10,27,"16-11
7–9","116.7
16","103.2
140",".8035
54","56.2
5","50.2
158","13.2
1","14.3
357","17.5
363","24.1
20","18.4
363","27.4
73","54.2
39","49.5
154","38.9
11","34.2
186","65.5
290","-1.1
69"
55,North Texas,CUSA,26,"23-5
14–3","110.4
76","97.7
47",".8026
55","51.4
133","46.2
23","19.8
274","20.4
71","33.9
27","27.9
156","31.9
153","41.4
344","49
230","45.9
31","36.5
54","31.2
42","58.4
363","1.7
34"
56,"Dayton
   (A) 203 Massachusetts",A10,27,"18-9
10–4","108.5
102","96.1
33",".8014
56","53.1
54","44.4
7","19.9
280","16.3
296","30.4
116","26
72","36.7
48","23
13","54.8
27","45.7
28","33.4
214","28.2
5","64.1
334","-2.8
101"
57,Missouri,SEC,28,"20-8
8–7","118.5
10","105.1
180",".8002
57","54.9
20","51.9
253","16.3
42","24.3
7","27.3
226","38.2
362","31.5
172","35.6
276","55.6
18","51
214","36
73","35.4
262","70.1
56","2.6
24"
58,Oklahoma,B12,28,"13-15
3–12","110.3
79","97.8
53",".7982
58","53
58","48.5
84","19.9
280","16
310","23.6
319","27.1
116","29.5
241","30.6
168","53.3
61","49.6
160","35
125","30.8
33","65.6
285","-1.7
79"
59,Seton Hall,BE,27,"16-12
9–8","104.6
179","92.9
10",".7961
59","48.6
267","46.6
28","20.6
314","21.4
38","30.3
123","30.1
252","41.5
11","30.9
175","48.5
251","47.7
77","32.4
257","29.8
18","67.4
188","-0.9
64"
60,"UCF
   (H) 127 South Florida",Amer,26,"15-11
6–8","109.9
84","97.8
49",".7935
60","50.6
178","48
67","20
287","21.6
35","34.9
20","31.1
301","29
257","32.2
209","47.3
293","49.5
154","36.8
42","30.4
24","64.5
323","-2.1
88"
61,"Drake
   (H) 284 Illinois St.",MVC,28,"23-6
14–4","109.9
83","97.8
50",".7931
61","52.8
69","47.8
61","15.7
29","17.6
216","24.4
301","21.9
3","28.6
270","27.1
62","51.5
119","48.1
88","36.6
48","31.4
49","67
213","-0.4
58"
62,"Florida
   (H) 41 Kentucky",SEC,27,"14-13
7–7","106.0
151","94.5
23",".7900
62","49.2
241","45.8
19","16
37","17.5
228","23.5
321","28.9
195","35.5
70","28.1
92","50.1
187","44.5
12","31.8
285","32.3
83","69.8
74","-1.9
82"
63,College of Charleston,CAA,28,"26-3
14–2","111.4
59","99.5
75",".7865
63","52
98","48.5
84","17.2
90","19.1
123","35.6
14","25.7
63","31.1
185","24.8
28","52.7
72","49.6
160","34.1
177","30.7
27","71.2
30","1.2
42"
64,UAB,CUSA,27,"20-8
11–6","112.5
41","100.8
99",".7784
64","51
158","47.9
63","18
150","19.7
96","37
7","29.4
221","38.4
31","31.3
187","48.7
243","46.7
46","37.4
27","33.3
131","71.4
25","-1.7
81"
65,Colorado,P12,28,"15-13
7–10","104.5
181","93.8
18",".7772
65","49.1
249","47.5
52","19.5
257","20.6
63","31.9
77","25.4
56","31.2
181","31.7
198","49.7
204","46.9
54","31.9
282","32.5
89","70.1
58","-2.8
102"
66,Pittsburgh,ACC,28,"20-8
13–4","112.2
47","100.7
97",".7766
66","52.9
65","47.6
56","17.3
96","17
254","30.4
116","27.7
144","30.7
202","29
124","52.3
87","47.3
65","35.7
86","32
69","67.2
199","0.5
51"
67,"Wake Forest
   (A) 36 North Carolina St.",ACC,27,"17-10
9–7","115.4
21","103.6
148",".7756
67","54.7
23","51.4
228","16.6
64","17.5
228","24.4
301","26.4
87","34.4
93","27.2
63","54.2
39","50.9
209","36.9
39","34.7
222","70.2
53","-1.3
72"
68,Virginia Tech,ACC,28,"16-12
6–11","114.0
28","102.5
127",".7736
68","54.2
28","49.7
137","15
12","16.5
283","26.1
252","27.3
126","26
327","26.3
50","54.9
26","49.2
135","35.4
100","33.8
158","67.4
190","-2.9
105"
69,Ohio St.,B10,27,"11-16
3–13","113.3
36","102.0
118",".7689
69","51.3
141","48.6
89","16.5
55","16.4
290","32.2
67","28.6
184","27.2
305","27.3
68","50.2
180","49.2
135","35.8
81","31.6
58","67
209","-4.2
125"
70,Iona,MAAC,27,"20-7
13–3","108.6
101","97.9
54",".7682
70","51.6
126","45.4
12","15.3
21","20.9
54","29.7
144","31.2
305","28
287","32.8
224","51.1
145","46.4
41","35.1
116","28.9
11","69.1
110","-2
85"
71,"Tulane
   (A) 1 Houston",Amer,24,"17-7
10–3","111.3
60","100.4
94",".7658
71","53.3
46","50.4
170","14.4
8","20.3
72","18.5
360","28.9
195","36.1
56","27.7
79","55.1
22","48.2
90","33.5
204","35.5
266","73.2
4","-0.4
60"
72,"Wisconsin
   (H) 47 Iowa",B10,26,"15-11
7–9","105.9
152","95.6
27",".7631
72","48.6
267","50.1
154","13.4
2","18.7
146","21.4
345","24.8
36","24.1
348","26.3
50","44.9
337","50
177","35.9
79","33.5
140","63
353","-0
56"
73,Utah Valley,WAC,24,"21-6
12–2","106.4
143","96.1
32",".7624
73","50.2
199","44.4
7","18.7
210","16.6
281","29.3
163","29.9
246","35.6
67","28.9
120","51.4
125","43
4","31.8
285","31.4
49","69.6
83","0.7
47"
74,"Bradley
   (A) 268 Valparaiso",MVC,28,"21-8
14–4","107.3
125","97.0
44",".7613
74","53.3
46","45.8
19","18.5
197","20.1
80","29.5
153","24.6
31","26.9
313","32.1
207","52.4
80","45.1
18","36.5
54","31.4
49","65.6
284","-1.3
73"
75,Arizona St.,P12,28,"19-9
10–7","106.8
133","96.6
39",".7603
75","47.9
293","45.5
14","17
76","20.5
65","29.7
144","31.1
301","30.3
219","30.9
175","48.5
251","42.6
3","31.3
312","33.3
131","68.6
133","0.5
52"
Rk,Team,Conf,G,Rec,AdjOE,AdjDE,Barthag,Efg%,EfgD%,TOR,TORD,ORB,DRB,FTR,FTRD,2P%,2P%D,3P%,3P%D,Adj T.,WAB
76,Santa Clara,WCC,28,"21-8
9–5","111.8
52","101.2
106",".7590
76","52.3
88","51.1
210","17.7
124","16.5
283","30.7
106","24.3
22","31.5
172","24.6
24","50.1
187","48.9
125","37.4
27","36.3
297","70.5
44","0.9
44"
77,Sam Houston St.,WAC,22,"20-6
10–4","107.7
119","97.5
46",".7586
77","52.4
84","50
151","20.3
297","24.1
8","31.3
91","26.5
88","31.2
181","38.2
320","47.7
277","48.3
94","40.2
2","34.7
222","64.7
318","0.3
54"
78,VCU,A10,28,"21-7
12–3","104.7
176","94.8
26",".7574
78","51.4
133","47.3
48","20.5
309","25
4","28.8
180","30.2
259","42.9
7","30.7
171","51.8
105","46.1
34","33.7
196","33
110","68.6
135","-0.4
59"
79,Oral Roberts,Sum,25,"25-4
16–0","113.2
37","102.6
131",".7556
79","56.6
3","48.8
95","13.7
4","17.5
228","24.2
307","26.5
88","23.9
350","22.9
12","56.7
11","46.8
51","37.7
20","34.6
214","71.2
29","1.4
39"
80,Kent St.,MAC,26,"22-6
12–3","106.3
144","96.5
38",".7535
80","50.5
188","47
39","16.5
55","23.6
12","30.3
123","30.9
292","30.8
197","38.2
320","51.1
145","47.1
60","32.9
233","31.3
45","68.4
145","0
55"
81,"Clemson
   (H) 115 Syracuse",ACC,27,"19-8
11–5","108.5
102","98.5
63",".7522
81","53.6
40","47.4
50","16.4
48","17.2
242","22.6
337","24.5
27","31.7
162","31.2
183","53.3
61","45.6
26","36
73","33.4
135","68.4
147","-1
67"
82,BYU,WCC,28,"16-14
6–9","106.3
145","96.8
40",".7467
82","50.9
166","49.7
137","20.5
309","18.9
135","30.8
102","23.4
15","30.9
191","37.5
307","52.7
72","48.4
96","32.1
271","34.5
206","70.6
41","-4.4
134"
83,Villanova,BE,28,"14-14
8–9","110.9
66","101.0
100",".7461
83","51.4
133","51.1
210","15.9
34","17.7
210","22.9
333","25.5
59","30.7
202","27.3
68","53.1
67","51.1
219","33
228","34.2
186","63.7
340","-2.9
104"
84,"Marshall
   (A) 111 James Madison",SB,28,"23-6
12–4","111.1
63","101.3
110",".7438
84","52.9
65","47.5
52","15.7
29","20.5
65","32.7
54","33
337","24.8
340","28.7
111","54.7
28","47.7
77","33.4
214","31.3
45","72.3
13","-1.2
70"
85,UNLV,MWC,26,"16-11
5–10","109.5
88","100.2
88",".7347
85","49.8
216","52.2
268","17
76","25.4
3","27.4
222","31.8
312","37.4
42","30.1
156","48.6
245","50.8
205","34.5
158","35.9
283","70.2
54","-2.4
95"
86,"Indiana St.
   (A) 120 Belmont",MVC,28,"20-9
13–5","109.1
94","100.0
84",".7321
86","56
7","47.4
50","17.1
83","18.5
163","22
340","22.8
10","31.8
160","33.2
233","59
3","47.7
77","35
125","31.3
45","71.3
27","-4.5
137"
87,"Vanderbilt
   (A) 167 LSU",SEC,27,"15-12
8–6","113.7
30","104.3
162",".7302
87","48.6
267","49.6
128","16.3
42","15.1
340","31.7
80","28.8
192","31.4
175","29.7
145","48
266","50.8
205","33
228","31.7
61","66.5
241","-0.9
65"
88,Yale,Ivy,23,"18-7
8–4","108.8
98","99.9
83",".7271
88","52.5
81","47.1
42","16.1
40","18.7
146","29
174","22.9
12","29.2
248","33.5
239","52.6
76","45.4
19","34.9
134","33.2
123","66.4
245","-1.9
83"
89,UC Irvine,BW,26,"20-8
13–3","108.3
111","99.9
81",".7185
89","52.1
95","45.6
15","17.5
109","17.7
210","28
205","26.9
107","30.3
219","37.5
307","50
195","44.2
8","37.6
22","32.1
77","68.9
118","-2.1
90"
90,Toledo,MAC,27,"22-6
13–2","118.2
12","109.1
275",".7165
90","55.5
13","52.6
287","14
6","18.1
184","30.1
135","30
247","34.5
87","26.6
54","53.8
48","51.8
248","39
7","35.9
283","70.3
47","-1
66"
91,Hofstra,CAA,29,"22-8
15–2","108.3
109","100.4
93",".7065
91","54.7
23","46.7
31","16.2
41","18.5
163","22.7
335","31.9
314","21.3
360","25.1
33","55.1
22","46.7
46","36.1
68","31.2
42","67.8
167","-1.4
74"
92,"Furman
   (H) 249 Mercer",SC,26,"22-7
13–3","113.4
35","105.1
181",".7053
92","55.7
11","51.1
210","16
37","18.6
157","30.4
116","26
72","30.3
219","32.1
207","59.1
2","50.7
200","34.4
162","34.5
206","68.8
124","-2.5
98"
93,"Duquesne
   (A) 210 La Salle",A10,27,"18-9
8–6","108.1
113","100.2
90",".7040
93","51.3
141","49.3
116","17.6
114","21.1
44","33.8
29","32.9
331","25.7
331","34.3
257","48.2
258","48
85","37.3
32","34.5
206","68.5
139","-3.6
116"
94,San Francisco,WCC,28,"17-12
6–8","109.5
86","101.6
115",".7036
94","53.6
40","49
104","20.4
304","17.9
199","29.2
165","26.6
93","32.1
147","37.3
305","53.5
51","48.9
125","35.8
81","32.9
109","69.6
82","-3.4
111"
95,"Louisiana Lafayette
   (H) 308 Arkansas St.",SB,25,"21-7
11–5","113.7
31","105.5
193",".7035
95","53
58","51.6
241","17.4
99","18.5
163","33.9
27","27.2
118","37.6
41","33.4
237","51.6
113","49.3
141","37.2
34","37.8
348","68.7
128","-1.2
71"
96,Stanford,P12,27,"11-16
5–11","112.7
40","104.5
168",".7033
96","51.5
132","51.4
228","19.6
261","18.6
157","32.2
67","25.9
69","29.3
246","27.8
83","51.6
113","50.1
182","34.2
167","35.5
266","66.1
266","-5.8
157"
97,"St. John's
   (A) 170 Georgetown",BE,28,"16-12
6–11","107.6
121","100.0
86",".6992
97","49.5
228","50.2
158","18.1
155","19.9
87","32.9
46","27.4
130","26.9
313","29.8
151","49.4
218","48.8
120","33.1
224","35
244","73.5
2","-2.3
94"
98,"UNC Greensboro
   (H) 260 Western Carolina",SC,27,"19-10
13–3","104.0
190","96.8
41",".6954
98","50.2
199","48
67","18.1
155","19.8
88","29.5
153","26.5
88","33.2
116","32
205","49
230","46.7
46","34.8
142","33.2
123","66.6
234","-4.2
126"
99,Wichita St.,Amer,26,"14-12
7–7","106.3
146","99.1
69",".6919
99","49.4
233","46.3
24","18.2
165","17
254","29.5
153","29.2
214","31.2
181","25.2
34","52.4
80","44.8
14","29.7
344","32.4
87","66.4
243","-4.3
130"
100,Montana St.,BSky,26,"19-9
12–3","105.2
164","98.4
59",".6839
100","51.1
153","49.6
128","18.1
155","20.3
72","25.6
269","25.7
63","41.2
14","35.5
273","53.4
56","48
85","31.2
317","35
244","66.8
223","-3.3
109"
Rk,Team,Conf,G,Rec,AdjOE,AdjDE,Barthag,Efg%,EfgD%,TOR,TORD,ORB,DRB,FTR,FTRD,2P%,2P%D,3P%,3P%D,Adj T.,WAB
101,"Temple
   (A) 40 Cincinnati",Amer,28,"15-13
9–6","107.3
126","100.4
92",".6833
101","50.2
199","48.2
76","20.3
297","16.8
266","28.6
184","29.6
233","34.5
87","31
179","50.2
180","47.6
73","33.4
214","32.8
105","66.6
238","-4.4
133"
102,"Vermont
   (H) 301 Binghamton",AE,26,"17-10
11–2","110.3
80","103.2
141",".6809
102","53.8
33","51.3
225","14.8
11","16.3
296","19.9
355","22.7
8","28.6
270","28.7
111","54.2
39","50.7
200","35.4
100","34.8
231","65.1
306","-4.1
124"
103,"South Alabama
   (A) 215 Texas St.",SB,27,"15-14
8–8","106.9
131","100.2
89",".6783
103","52.5
81","46.5
25","15.1
15","16.3
296","21
348","28.2
172","19.8
362","27.6
77","54
45","47.7
77","33.4
214","29
12","66.3
255","-7.6
198"
104,"Southern Miss
   (A) 189 Old Dominion",SB,26,"24-5
13–3","107.9
118","101.1
103",".6780
104","51.6
126","47.2
45","17.2
90","20
82","31.4
89","28.7
188","31.7
162","29.4
138","52.9
68","46.3
39","32.8
237","32.4
87","68.5
138","0.6
49"
105,San Jose St.,MWC,27,"16-12
7–8","110.5
74","103.7
150",".6735
105","51
158","49.2
113","19.2
240","12.7
362","34.6
22","23.8
17","28.2
282","28.4
101","51.4
125","47.2
61","33.7
196","35.3
259","63.1
352","-2.5
97"
106,Akron,MAC,26,"19-9
11–4","107.6
122","101.2
107",".6689
106","50.6
178","49.4
122","16.8
68","18.3
176","31
97","26.1
76","32.7
131","27.2
63","50.2
180","47.8
82","34.2
167","35.1
249","64.9
312","-3.5
115"
107,Washington,P12,28,"15-13
7–10","104.4
183","98.5
62",".6604
107","48.7
263","46.6
28","20.2
293","18.5
163","26.3
246","34.2
350","30.9
191","25.3
37","49.6
208","48.5
101","31.5
297","29
12","69.1
107","-2.3
93"
108,Saint Louis,A10,27,"18-10
10–5","110.8
70","104.6
170",".6593
108","51.9
106","48.1
71","17.2
90","15.1
340","29.6
149","26.3
83","30.2
224","33
230","51.8
105","45.7
28","34.7
147","34.6
214","69.4
95","-2.6
100"
109,Nebraska,B10,28,"14-14
7–10","104.9
172","99.1
71",".6560
109","51
158","49.6
128","18.8
219","17.6
216","25.4
273","27.9
156","28.1
285","21.8
5","52.8
71","49.6
160","31.9
282","33.1
116","66.6
239","-1.6
78"
110,Cal St. Fullerton,BW,27,"17-12
11–6","104.1
189","98.5
61",".6538
110","49.5
228","48.1
71","17.7
124","20.3
72","26.1
252","29.7
238","38.7
29","33.2
233","46.2
325","49.4
148","36.6
48","30.7
27","65
309","-5.6
155"
111,"James Madison
   (H) 84 Marshall",SB,26,"20-9
11–5","104.6
180","99.0
68",".6527
111","52.1
95","49.3
116","19.2
240","22.5
21","30.7
106","28.4
179","40.1
19","29.9
152","52.1
92","50.5
194","34.7
147","31.5
56","70.7
39","-3.2
107"
112,Eastern Washington,BSky,27,"21-7
15–0","110.5
72","105.4
189",".6338
112","55.9
10","49.2
113","19.9
280","16
310","28.3
194","25.2
50","31.6
169","29.7
145","58.9
4","49.8
171","34.7
147","32.2
81","69.2
106","-1.5
75"
113,Colorado St.,MWC,27,"12-16
4–11","111.5
57","106.3
218",".6335
113","55
18","52.9
298","16.4
48","18
192","18.4
362","26.6
93","29.1
251","29.3
137","56.4
13","51.6
239","35.2
108","36.4
302","66.6
235","-5.9
158"
114,"Colgate
   (A) 280 Lafayette",Pat,28,"21-8
15–1","111.9
51","106.7
228",".6328
114","58.4
1","52.4
278","15.6
26","18.4
171","26
256","24.4
26","27.3
301","21.5
3","57.2
8","51.3
227","40.3
1","36.2
295","67.9
161","-3.6
119"
115,"Syracuse
   (A) 81 Clemson",ACC,27,"16-11
9–7","108.9
96","104.1
157",".6278
115","51.8
113","49.9
147","17.1
83","19.5
101","30.2
128","33.7
346","30
231","22
7","51.1
145","49.2
135","35.5
97","33.9
165","67.3
194","-3.5
113"
116,Princeton,Ivy,23,"17-8
8–4","109.2
92","104.4
166",".6268
116","53.2
51","48.4
82","17.6
114","14.7
351","28.6
184","22.6
7","33.1
119","29.7
145","54.2
39","47.8
82","34.5
158","33.2
123","68.3
148","-3.8
122"
117,Southern Utah,WAC,23,"18-9
10–4","109.5
87","104.7
172",".6263
117","52
98","51.2
218","19.4
254","17.9
199","29.1
169","26.1
76","42.6
8","32.7
220","51.7
111","50.4
192","35.1
116","35.2
255","71.9
20","-2.6
99"
118,Loyola Marymount,WCC,28,"18-11
8–7","109.0
95","104.2
161",".6248
118","53.5
44","51.5
237","18.3
176","15.7
326","29.6
149","24.5
27","31.5
172","34.9
267","52.2
91","52.2
268","36.7
45","33.4
135","67.8
166","-2.1
87"
119,Penn,Ivy,26,"16-11
8–4","110.4
77","105.7
196",".6225
119","53.3
46","48.8
95","19.2
240","14.8
350","30.9
99","28.1
167","30.1
227","31.8
200","52.9
68","48.6
106","36
73","32.8
105","67.2
205","-4.9
142"
120,"Belmont
   (H) 86 Indiana St.",MVC,28,"19-10
12–6","109.3
90","104.8
175",".6184
120","55
18","50.3
165","17.6
114","18
192","25.7
265","30.7
286","24.7
342","28.7
111","52.3
87","49.5
154","39.2
5","34.7
222","68.7
131","-4.5
136"
121,"Stephen F. Austin
   (A) 196 Abilene Christian",WAC,24,"17-10
9–5","105.6
157","101.5
114",".6118
121","51.8
113","51.8
250","21.6
338","24.6
6","32.9
46","32.5
324","38.8
28","41.9
346","49.1
229","52.4
278","39.1
6","34
174","69.5
91","-5.2
145"
122,Charlotte,CUSA,27,"16-11
7–9","107.2
128","103.1
138",".6095
122","54.5
25","50.2
158","17.5
109","18.1
184","23.6
319","23.8
17","24.4
344","25.3
37","53.4
56","48.6
106","37.4
27","35.1
249","60.4
362","-4.8
141"
123,"Mississippi
   (A) 19 Auburn",SEC,27,"10-17
2–12","105.2
165","101.2
108",".6091
123","46.7
330","49.1
109","18.1
155","18.4
171","33.4
35","30
247","29.6
239","31.1
182","48.5
251","47.5
69","28.8
356","34.9
239","66.4
247","-7.1
181"
124,Hawaii,BW,27,"20-8
11–5","102.1
222","98.6
65",".5994
124","48.8
258","44.3
6","18.7
210","17.5
228","30.5
110","27.3
126","34.2
95","28.3
99","48.9
234","44.8
14","32.5
251","28.6
7","64.8
316","-3.3
110"
125,"Butler
   (A) 151 DePaul",BE,28,"13-15
5–12","101.7
239","98.3
58",".5954
125","50.2
199","49.6
128","17.8
130","18.5
163","20.1
352","29.4
221","26.5
321","22.2
8","49.7
204","50.5
194","33.9
187","32
69","66.4
251","-3.6
117"
Rk,Team,Conf,G,Rec,AdjOE,AdjDE,Barthag,Efg%,EfgD%,TOR,TORD,ORB,DRB,FTR,FTRD,2P%,2P%D,3P%,3P%D,Adj T.,WAB
126,Grand Canyon,WAC,25,"17-10
8–6","110.3
78","106.7
226",".5953
126","51.3
141","47
39","18.9
225","15.9
315","32.7
54","31.3
308","36.8
47","32.2
209","49.5
213","45.9
31","36.1
68","33
110","65.2
302","-4.2
127"
127,"South Florida
   (A) 60 UCF",Amer,27,"11-16
4–10","107.5
124","104.1
158",".5930
127","51.1
153","49.9
147","19.3
247","18.9
135","32.8
53","28.1
167","31
188","37.5
307","51.4
125","48.5
101","33.7
196","34.8
231","69.1
109","-8.5
218"
128,UC Santa Barbara,BW,25,"20-7
11–5","108.0
115","104.6
171",".5907
128","53.2
51","48.9
98","18.5
197","18.9
135","28.6
184","26.9
107","34.4
93","29.2
132","55
24","47.6
73","32.6
244","34.5
206","64.5
325","-2.2
92"
129,"Kennesaw St.
   (A) 232 North Alabama",ASun,26,"21-8
13–3","106.3
147","103.1
137",".5857
129","52.7
73","52.6
287","18.4
184","20.5
65","27.8
210","25.7
63","37.7
37","39.3
330","50.6
165","51.1
219","37.4
27","36.7
317","69.4
96","-2.1
89"
130,"Samford
   (A) 180 Chattanooga",SC,25,"20-9
14–2","109.3
89","106.1
208",".5849
130","53.8
33","51.2
218","18.2
165","20
82","29.1
169","27.4
130","39.4
24","36.3
289","52.9
68","48.6
106","36.6
48","36.5
306","67.7
174","-4.5
138"
131,Middle Tennessee,CUSA,26,"17-11
10–7","106.4
142","103.3
146",".5832
131","51.9
106","52.2
268","19.4
254","22.1
27","31.8
79","29
203","30.2
224","34.7
264","51.9
97","50.8
205","34.6
154","36.5
306","67.5
179","-4.3
132"
132,Cal Baptist,WAC,25,"15-12
6–7","105.3
162","102.7
133",".5719
132","49.6
223","47.5
52","17.7
124","16.4
290","29.6
149","25.9
69","30.7
202","28.5
104","50.2
180","48.6
106","32.6
244","30
20","64.3
331","-7.6
195"
133,Fresno St.,MWC,26,"10-17
6–10","101.7
239","99.3
74",".5673
133","48
290","50.5
176","18
150","20.3
72","24.4
301","29
203","25.2
335","31.4
189","51.1
145","47.5
69","28.9
355","36.8
320","64.1
335","-7.9
203"
134,Tarleton St.,WAC,25,"14-14
7–8","103.7
198","101.3
112",".5670
134","48.3
281","52.5
281","18.8
219","23.5
14","25.9
261","30.4
269","47.3
1","46.4
359","47
304","50.9
209","34.6
154","36.4
302","66.8
227","-6.6
170"
135,Georgia,SEC,28,"16-12
6–9","105.7
155","103.2
142",".5662
135","47.6
308","49.5
123","19
227","16.7
272","30.6
108","29.7
238","40.4
18","27.7
79","47
304","50.7
200","32.4
257","31.7
61","68.2
151","-2.4
96"
136,Long Beach St.,BW,26,"15-13
9–7","105.7
154","103.3
143",".5657
136","47.9
293","49.7
137","18.4
184","17.9
199","35.3
17","27.7
144","32.4
140","29.4
138","48.9
234","49.1
133","29.9
341","33.7
153","73.7
1","-6.2
164"
137,Youngstown St.,Horz,28,"22-8
14–5","112.3
45","109.8
286",".5640
137","55.2
16","52.5
281","15.8
32","18.4
171","31
97","27.5
137","29.1
251","24.9
30","54.7
28","51.9
256","37.4
27","35.7
277","68.5
141","-4.5
135"
138,"UMass Lowell
   (A) 233 UMBC",AE,27,"22-7
9–5","106.6
137","104.3
163",".5623
138","53
58","46.8
35","20.6
314","20
82","35.8
12","27.3
126","32.8
128","34.6
262","52
95","44
7","36.7
45","35.3
259","69.3
101","-3.5
114"
139,Wyoming,MWC,26,"8-19
3–12","107.7
120","105.5
191",".5588
139","51.8
113","53.5
307","18.2
165","16.8
266","24.4
301","24.7
33","32.9
126","28.2
97","52
95","52.7
292","34.3
165","36.4
302","65.8
275","-10.1
249"
140,Towson,CAA,29,"19-10
11–5","108.3
110","106.2
213",".5578
140","50.9
166","49.3
116","18.2
165","18.1
184","36.8
9","27.7
144","29.3
246","27.3
68","48.2
258","47.6
73","37.3
32","34.5
206","64.4
328","-5.2
146"
141,"Southern Illinois
   (H) 204 Northern Iowa",MVC,28,"20-9
12–6","100.5
267","98.6
64",".5566
141","51.9
106","47.7
59","19.9
280","19.8
88","23
331","27.5
137","30.9
191","29.7
145","56.8
10","46.4
41","31
323","33.5
140","64.1
336","-2.8
103"
142,Cornell,Ivy,23,"16-9
6–6","113.1
38","110.9
307",".5563
142","55.4
15","55.4
350","16.5
55","22.1
27","29.4
159","30.1
252","28.6
270","30.5
166","57.8
6","56.9
356","35.1
116","35.4
262","71.7
23","-4.3
128"
143,Ball St.,MAC,26,"20-8
11–4","108.4
108","106.4
219",".5541
143","53.2
51","50.2
158","18.3
176","17.2
242","31.6
82","28.2
172","44.7
4","31.2
183","51.4
125","47.4
67","37.5
24","37.3
335","67.3
193","-3.2
106"
144,Air Force,MWC,29,"14-15
5–11","107.6
123","105.7
197",".5500
144","55.2
16","49.3
116","18.8
219","16.7
272","21.7
344","28.7
188","31.9
153","35.7
278","56.1
14","51.7
244","36
73","29.5
17","63.4
345","-6.9
180"
145,Louisiana Tech,CUSA,24,"13-14
6–10","106.9
132","105.3
186",".5423
145","52.2
91","54.1
326","19.7
268","21.8
31","29.4
159","28.4
179","28.4
277","38.4
323","51.8
105","51.6
239","35.2
108","38.3
354","67.2
201","-7.4
191"
146,Ohio,MAC,27,"17-11
9–6","110.4
75","108.9
267",".5413
146","52.6
75","51.3
225","16.3
42","17.2
242","32.1
73","29.3
218","28
287","34
250","50.3
174","51.2
223","37.6
22","34.2
186","68.3
149","-5.4
152"
147,UC Davis,BW,26,"16-12
9–7","106.0
150","104.5
167",".5403
147","51
158","50.7
187","20.6
314","21.2
41","33.1
40","29.7
238","41.4
12","31.8
200","50.1
187","48.2
90","35
125","37.7
345","71
35","-6.5
167"
148,Montana,BSky,26,"14-13
8–7","108.4
107","106.9
233",".5402
148","53.4
45","50.5
176","17.4
99","15.8
320","23.9
314","25.3
55","29.4
244","38.5
324","51.3
135","52.3
273","37.7
20","31.5
56","63.7
341","-6.9
177"
149,"Notre Dame
   (H) 44 North Carolina",ACC,27,"10-17
2–14","110.1
81","108.6
264",".5390
149","52.7
73","52.7
291","13.4
2","13.5
360","20
354","25
39","22.2
359","24.6
24","51.4
125","53
305","36.3
61","34.7
222","64.8
314","-9.7
245"
150,Brown,Ivy,25,"13-12
6–6","100.6
265","99.5
77",".5299
150","50.7
173","50.3
165","19.1
234","19.5
101","22.6
337","24.2
21","29.8
237","26
46","49.2
223","49.7
168","35.2
108","34.2
186","69.5
90","-6.4
166"
Rk,Team,Conf,G,Rec,AdjOE,AdjDE,Barthag,Efg%,EfgD%,TOR,TORD,ORB,DRB,FTR,FTRD,2P%,2P%D,3P%,3P%D,Adj T.,WAB
151,"DePaul
   (H) 125 Butler",BE,27,"9-18
3–13","106.2
148","105.2
182",".5292
151","49.3
239","50.7
187","18.1
155","17.9
199","25.3
280","34.3
351","28.3
280","36.8
297","46.2
325","50.2
185","36
73","34.5
206","69.2
102","-7.2
187"
152,"Davidson
   (H) 169 St. Bonaventure",A10,25,"12-14
5–9","106.5
140","105.5
190",".5279
152","50.3
195","50.4
170","16.8
68","17.3
239","25
288","29.7
238","33.7
104","27.9
87","51.5
119","51.1
219","32.1
271","32.8
105","66
272","-7.6
196"
153,Quinnipiac,MAAC,27,"19-9
10–7","103.2
202","102.3
123",".5270
153","49.6
223","46.9
38","18.5
197","16.5
283","32.6
57","26.8
100","34.5
87","26.8
57","47.3
293","47.3
65","35.6
93","30.9
37","70.2
50","-4.5
139"
154,Seattle,WAC,26,"18-10
9–6","100.4
269","99.6
78",".5228
154","46.5
332","48.5
84","16.9
72","17.6
216","29.6
149","26.3
83","30.5
215","32.6
216","46.8
310","48.7
113","30.8
328","32
69","69.4
93","-3.8
120"
155,"Eastern Kentucky
   (A) 245 North Florida",ASun,26,"18-11
11–5","104.6
177","103.8
151",".5225
155","47.6
308","50.2
158","16.9
72","19.1
123","32.6
57","30.9
292","26.6
318","27.3
68","48
266","49.5
154","31.4
305","34.2
186","70.9
36","-5.2
147"
156,Missouri St.,MVC,28,"15-14
11–8","104.8
173","104.0
155",".5217
156","50.2
199","49.8
143","19.3
247","19
131","32.9
46","27
112","27.2
305","29.5
143","50.6
165","49.6
160","33.1
224","33.5
140","62.6
355","-7.3
190"
157,"Troy
   (A) 263 Louisiana Monroe",SB,26,"17-12
9–7","101.9
232","101.2
104",".5212
157","49.6
223","48.3
79","19.6
261","21.2
41","30.4
116","31
296","32
150","36.2
287","51.9
97","48.2
90","30.7
331","32.3
83","67.9
163","-5.5
154"
158,Cleveland St.,Horz,27,"18-11
13–5","105.1
167","104.4
164",".5208
158","49.7
221","48.6
89","17.4
99","20.7
61","35
18","35
355","30.9
191","30.4
163","50.8
158","49.2
135","31.2
317","31.7
61","65.3
298","-6.5
168"
159,SMU,Amer,28,"10-18
5–10","103.0
207","102.3
125",".5192
159","47.7
302","50.8
194","17.9
142","18.9
135","27.6
218","30.5
272","32.7
131","31.6
197","47.9
269","50.9
209","31.6
292","33.7
153","69.9
65","-8
205"
160,Longwood,BSth,27,"19-10
11–5","103.6
200","103.0
134",".5177
160","50.6
178","50.7
187","17.8
130","21.6
35","32.4
59","26.9
107","33.5
106","31.8
200","49.3
219","50.2
185","35.2
108","34.2
186","66
270","-6.1
160"
161,Pacific,WCC,27,"13-16
6–8","108.7
100","108.1
249",".5161
161","53
58","54
321","16.3
42","18.3
176","23.7
317","32.3
320","32.6
135","36.9
300","49.5
213","54.7
333","39
7","35.2
255","70.1
60","-9.3
237"
162,Richmond,A10,28,"14-14
7–8","104.4
182","103.8
152",".5156
162","51.9
106","50.4
170","17.1
83","16.9
260","21.2
347","24.3
22","33.3
113","26.1
48","52.4
80","49.8
171","34.2
167","34.1
179","65.7
281","-7.8
200"
163,"Fordham
   (A) 229 Loyola Chicago",A10,27,"21-6
9–5","102.1
224","101.7
116",".5131
163","49
253","47.3
48","19.3
247","19.7
96","29.9
139","25
39","37.1
43","36.6
295","49.5
213","46.4
41","32.1
271","33
110","69.8
75","-0.8
63"
164,UC Riverside,BW,28,"19-10
12–5","106.6
138","106.1
210",".5126
164","50.7
173","51.5
237","18.3
176","17.2
242","32.3
61","22.8
10","26.5
321","37.7
313","48.6
245","51.4
234","36.1
68","34.4
201","67.5
181","-3.2
108"
165,Harvard,Ivy,24,"14-12
5–7","99.6
285","99.1
72",".5125
165","49.5
228","47.9
63","20.3
297","18.2
180","30.4
116","24.3
22","31.9
153","25.5
40","52.3
87","48.9
125","29.8
342","30.8
33","66.5
240","-6.6
172"
166,"Appalachian St.
   (A) 278 Georgia St.",SB,26,"15-14
8–8","100.6
266","100.2
87",".5105
166","48.3
281","47.6
56","16.5
55","17.6
216","24.4
301","29.2
214","30.6
209","24.9
30","48.8
241","46.2
36","31.6
292","33.2
123","65.7
279","-8.5
221"
167,"LSU
   (H) 87 Vanderbilt",SEC,27,"12-15
1–13","104.2
187","103.9
153",".5089
167","47.7
302","51.4
228","19.1
234","18.3
176","30.4
116","28.7
188","32.6
135","29.4
138","46.6
316","51.9
256","32.9
233","33.8
158","66.2
256","-4.8
140"
168,"Stetson
   (H) 329 Austin Peay",ASun,25,"16-11
11–5","112.3
44","112.0
318",".5079
168","54.2
28","53.2
302","15.9
34","15.1
340","29
174","29.3
218","25.1
338","30.2
159","50.9
156","53.2
309","39
7","35.5
266","64.8
317","-5
143"
169,"St. Bonaventure
   (A) 152 Davidson",A10,28,"13-15
7–8","101.3
248","101.1
101",".5062
169","48.9
255","48.7
93","18.4
184","19.7
96","27.4
222","28.5
182","29.9
234","40.5
339","47
304","52.2
268","34.8
142","28.7
10","66
269","-9.2
234"
170,"Georgetown
   (H) 97 St. John's",BE,28,"7-21
2–15","106.1
149","106.0
207",".5034
170","47.7
302","52.7
291","17.6
114","15.9
315","29.9
139","29.7
238","30.6
209","24.5
23","48.2
258","50
177","31.2
317","38
351","68.9
114","-10.5
260"
171,Utah Tech,WAC,24,"11-16
3–11","106.5
139","106.5
221",".5015
171","52.4
84","54.6
339","21.7
342","20.5
65","28.6
184","27
112","44
5","35.6
276","49.2
223","53.1
306","37.9
16","38.2
352","70
62","-8.9
227"
172,Portland,WCC,27,"13-16
5–9","108.5
105","108.4
261",".5011
172","53.3
46","54.3
331","18.2
165","17.6
216","23.9
314","30.2
259","43.3
6","26.7
55","51.9
97","52.7
292","36.8
42","37.7
345","69.9
69","-7.3
188"
173,George Mason,A10,28,"16-12
8–7","101.9
231","101.9
117",".5009
173","52.6
75","48.1
71","20.2
293","16.8
266","28.5
189","25
39","35.7
64","30.9
175","51.9
97","49.3
141","35.8
81","30.7
27","66.9
218","-6.1
161"
174,UNC Wilmington,CAA,27,"21-8
11–5","101.5
242","101.5
113",".5001
174","48.6
267","49.2
113","18.7
210","20.6
63","28.3
194","28.2
172","40.6
15","37.8
315","47.9
269","50.9
209","33.4
214","30.7
27","65.4
294","-2
86"
175,Texas A&M Corpus Chris,Slnd,24,"19-9
12–3","105.1
166","105.2
183",".4990
175","50.9
166","52.5
281","18.6
205","21.7
34","31.6
82","27.5
137","34.2
95","39.8
332","48.9
234","53.9
321","36.4
60","33.6
145","69.8
73","-5.1
144"
Rk,Team,Conf,G,Rec,AdjOE,AdjDE,Barthag,Efg%,EfgD%,TOR,TORD,ORB,DRB,FTR,FTRD,2P%,2P%D,3P%,3P%D,Adj T.,WAB
176,Buffalo,MAC,26,"13-15
7–8","104.1
188","104.2
160",".4979
176","49.8
216","51
205","19.7
268","19.1
123","32.2
67","30.5
272","32.2
144","37.8
315","51.1
145","51.3
227","31.4
305","33.8
158","73.1
5","-8.1
208"
177,"Radford
   (A) 311 High Point",BSth,27,"17-12
11–5","103.2
203","103.5
147",".4927
177","51.2
151","52.4
278","18.7
210","21
48","30.8
102","27.9
156","28.9
261","31.5
195","50.7
162","52.7
292","34.8
142","34.6
214","65.3
297","-6.7
174"
178,"Georgia Southern
   (H) 276 Coastal Carolina",SB,26,"14-15
7–9","101.9
235","102.2
122",".4912
178","48
290","50.1
154","16.4
48","18.5
163","26.6
242","27.5
137","27
309","35.8
279","49
230","49.2
135","30.6
334","34.6
214","66.9
215","-9.2
231"
179,Western Kentucky,CUSA,25,"14-13
6–10","105.6
156","106.0
205",".4901
179","50.5
188","50.4
170","16.3
42","17.7
210","25
288","30.4
269","31.9
153","27.4
73","49.2
223","46.8
51","35.1
116","36.9
325","67.9
164","-7.2
183"
180,"Chattanooga
   (H) 130 Samford",SC,26,"15-14
7–9","108.7
99","109.1
277",".4886
180","53.3
46","51.1
210","18
150","15.8
320","28.9
177","27.2
118","31.1
185","28
88","49.6
208","50
177","37.8
18","35.1
249","67.8
172","-8.9
228"
181,Georgia Tech,ACC,26,"11-17
3–14","102.0
228","102.5
128",".4865
181","47.3
319","49.8
143","16.5
55","15.9
315","28.1
202","30.3
264","22.9
356","31.4
189","46.6
316","51.3
227","32.2
265","31.4
49","66.8
220","-8.2
210"
182,Saint Joseph's,A10,28,"13-15
7–9","103.9
194","104.4
165",".4859
182","50
210","50.9
199","18.6
205","19.2
118","29.2
165","30.2
259","34.2
95","32.7
220","50.1
187","49.6
160","33.3
222","35.1
249","69.6
81","-8.7
225"
183,UTEP,CUSA,25,"12-15
5–11","98.1
309","98.6
66",".4850
183","47.9
293","50.6
182","22.2
349","23.3
15","32.9
46","28.6
184","39.4
24","37.2
304","51.6
113","51.3
227","26.4
363","33
110","66.9
214","-8.7
224"
184,Grambling St.,SWAC,24,"18-8
11–3","99.9
277","100.5
95",".4816
184","49.6
223","45.7
16","22.1
347","20.2
77","30.5
110","30
247","42
9","41.8
345","48.5
251","44.4
11","34.9
134","31.7
61","67
211","-3.8
121"
185,Siena,MAAC,27,"17-10
11–5","102.4
216","103.1
136",".4810
185","49.8
216","48.9
98","19.6
261","18.3
176","30.2
128","25.2
50","35.3
73","33.6
243","48
266","49.3
141","35.7
86","32.1
77","67
210","-6.1
163"
186,Northern Kentucky,Horz,27,"17-12
12–6","101.3
246","102.1
120",".4797
186","49.1
249","51.5
237","17.7
124","24
10","30.8
102","32.9
331","25.5
332","30.1
156","47.4
285","48.8
120","34.4
162","37.2
332","62.4
357","-7.2
184"
187,Rice,CUSA,24,"17-10
8–8","108.1
112","108.9
268",".4796
187","54
32","54
321","18.4
184","16.4
290","24.9
290","25
39","35.3
73","25.6
41","53.8
48","54.4
327","36.1
68","35.5
266","70.7
40","-4.3
129"
188,"Boston College
   (H) 23 Virginia",ACC,28,"13-15
7–10","101.9
233","102.7
132",".4792
188","47.9
293","51.9
253","18.5
197","19.1
123","27.7
213","28.9
195","28.5
275","27.8
83","48.3
256","49.3
141","31.4
305","37.3
335","67.3
195","-6.3
165"
189,"Old Dominion
   (H) 104 Southern Miss",SB,27,"17-11
9–7","104.6
178","105.4
188",".4787
189","47.2
321","48.6
89","17
76","17.8
207","33.1
40","29.5
226","36
58","34.8
266","46.7
313","49.5
154","32.2
265","31.6
58","65.1
304","-5.2
150"
190,South Dakota St.,Sum,27,"17-11
12–4","105.1
168","105.9
202",".4780
190","52
98","51.4
228","17.6
114","17.4
234","21.8
341","27
112","28.2
282","23.6
17","51.9
97","52.4
278","34.7
147","33.2
123","67
208","-4.3
131"
191,North Carolina Central,MEAC,21,"14-11
7–4","101.2
250","102.0
119",".4754
191","51.4
133","50.4
170","23.3
358","21.1
44","32.3
61","27.4
130","34.5
87","34
250","50.8
158","51.9
256","35
125","32
69","68.1
153","-6.6
171"
192,Gardner Webb,BSth,26,"15-13
10–6","99.0
291","99.9
82",".4731
192","50.7
173","48.9
98","19.1
234","20.9
54","28.1
202","25.5
59","32.8
128","39.8
332","51.8
105","47.6
73","32.3
260","34
174","66.2
260","-8.5
222"
193,"UNC Asheville
   (H) 303 Charleston Southern",BSth,27,"22-7
14–2","102.3
218","103.3
145",".4730
193","53.7
37","48.4
82","20.4
304","19
131","26
256","29.7
238","40.5
17","28.8
116","51.4
125","49.4
148","38.4
13","30.9
37","68.8
127","-2.2
91"
194,St. Thomas,Sum,27,"18-11
9–7","108.9
97","110.0
289",".4703
194","52.9
65","52
264","15.5
23","17.6
216","24.1
310","29.5
226","33.5
106","31
179","52.1
92","52.2
268","35.9
79","34.3
195","66.2
259","-6.1
162"
195,Wright St.,Horz,27,"16-13
9–9","104.9
171","106.1
212",".4667
195","53.7
37","50.8
194","17.8
130","18
192","26.8
234","26.2
80","23.8
351","27.5
76","54.1
43","52
261","35
125","32.6
94","72.2
14","-9.2
232"
196,"Abilene Christian
   (H) 121 Stephen F. Austin",WAC,22,"13-13
5–8","107.0
130","108.3
255",".4664
196","50.6
178","56.5
359","17.4
99","23.6
12","25.4
273","30.2
259","32.5
137","47.1
360","48.9
234","57.1
358","36
73","36.8
320","69.6
80","-7.2
186"
197,Pepperdine,WCC,26,"9-19
2–12","105.3
163","106.6
225",".4622
197","51.7
121","52.1
266","18.4
184","16.9
260","26.6
242","30.6
282","27.6
297","33.3
236","51.4
125","51.5
236","34.9
134","35.6
275","72.7
10","-10.4
257"
198,"Lipscomb
   (A) 213 Florida Gulf Coast",ASun,26,"17-12
9–7","102.6
214","103.9
154",".4617
198","53.6
40","50.2
158","18
150","16.2
305","25.1
284","25.1
45","23.3
354","22.8
11","53.5
51","49.2
135","35.7
86","34.5
206","69.4
94","-7.3
189"
199,FIU,CUSA,25,"13-14
7–9","101.4
245","103.2
139",".4518
199","52
98","51.2
218","20.9
322","22.5
21","24.8
292","35.7
360","26.6
318","28.5
104","54.6
32","49.7
168","31.7
289","35.5
266","70.2
52","-7.7
199"
200,Norfolk St.,MEAC,23,"19-8
8–3","107.3
127","109.1
276",".4514
200","53.1
54","50.7
187","19.9
280","18.8
141","32.7
54","30.1
252","35.8
62","36.5
293","55.2
21","49.4
148","33
228","34.8
231","66.2
258","-3.5
112"
Rk,Team,Conf,G,Rec,AdjOE,AdjDE,Barthag,Efg%,EfgD%,TOR,TORD,ORB,DRB,FTR,FTRD,2P%,2P%D,3P%,3P%D,Adj T.,WAB
201,"Navy
   (A) 285 American",Pat,27,"17-11
10–6","103.1
206","104.8
176",".4511
201","52.3
88","50.4
170","17.8
130","19.1
123","29.5
153","27.2
118","23.8
351","30
154","50.3
174","49.9
174","37.2
34","34.1
179","65.2
300","-6.9
179"
202,San Diego,WCC,26,"11-17
4–10","110.9
67","112.8
331",".4507
202","51.4
133","57.7
361","15.9
34","17.7
210","28.1
202","29.1
210","31.6
169","32.7
220","50.3
174","55.4
349","35.6
93","40.7
362","69.2
105","-10
248"
203,"Massachusetts
   (H) 56 Dayton",A10,27,"14-13
5–10","102.3
219","104.1
159",".4499
203","47.5
310","49.7
137","19.7
268","19.2
118","33.6
34","28.2
172","32.3
142","33.1
232","46
328","50.6
197","34.1
177","32.3
83","71.1
34","-7.1
182"
204,"Northern Iowa
   (A) 141 Southern Illinois",MVC,27,"13-15
9–9","103.1
205","105.6
194",".4321
204","51.7
121","53.5
307","18.2
165","18.5
163","22.7
335","22.2
5","30.9
191","25.7
43","52.1
92","53.4
314","34.1
177","35.7
277","67.4
186","-9.2
233"
205,"Bryant
   (A) 312 NJIT",AE,24,"16-10
7–6","105.1
169","107.6
241",".4315
205","52.4
84","50.2
158","18.8
219","16.3
296","28.4
191","26
72","35.3
73","32.4
214","52.4
80","49.6
160","34.8
142","34.1
179","72.9
6","-5.2
149"
206,Drexel,CAA,28,"15-14
9–8","100.0
274","102.5
129",".4286
206","48.9
255","47.9
63","17.9
142","17.9
199","29.7
144","26.9
107","29.2
248","23.9
20","50.1
187","46.7
46","31.5
297","34
174","63.9
339","-9.3
238"
207,Rider,MAAC,24,"14-11
11–5","105.4
159","108.0
248",".4286
207","49.4
233","49.9
147","18.4
184","16.1
308","33.8
29","27.3
126","29.1
251","38.5
324","49.6
208","47.2
61","32.5
251","35.5
266","65.5
291","-6.6
169"
208,"George Washington
   (A) 223 Rhode Island",A10,26,"13-14
7–7","108.0
116","110.8
301",".4269
208","53
58","52.6
287","18.4
184","16
310","25.8
264","28.8
192","34.8
78","27.4
73","55.8
17","52.7
292","32.5
251","35
244","69.3
99","-9.1
230"
209,Florida St.,ACC,28,"8-20
6–11","105.4
160","108.3
257",".4215
209","49.2
241","52.6
287","17.9
142","17.3
239","26
256","32.4
321","31.9
153","31.4
189","48.6
245","50.7
200","33.5
204","36.9
325","69.6
84","-10.7
265"
210,"La Salle
   (H) 93 Duquesne",A10,27,"13-14
7–7","103.1
204","106.1
209",".4195
210","48.1
289","50.3
165","18.2
165","18.4
171","29.7
144","30.2
259","28.1
285","30.8
173","46.7
313","49.6
160","33.9
187","34.4
201","68.2
152","-8
206"
211,Weber St.,BSky,26,"15-13
10–5","98.4
301","101.2
109",".4191
211","50.4
192","52.9
298","19.8
274","19.3
113","20.9
350","21.9
3","34.5
87","31.3
187","51.3
135","51.8
248","32.5
251","36.3
297","65.5
292","-6.9
178"
212,North Dakota St.,Sum,26,"12-16
9–7","104.3
184","107.4
239",".4178
212","52
98","50.8
194","17.1
83","12.5
363","24.1
310","22.5
6","30.8
197","27.8
83","52.4
80","50
177","34.2
167","34.8
231","68.5
136","-9.8
247"
213,"Florida Gulf Coast
   (H) 198 Lipscomb",ASun,28,"16-13
6–10","104.7
174","107.9
245",".4154
213","51.4
133","51
205","17.3
96","17.1
249","27.9
207","29
203","28.8
266","28
88","50.1
187","51
214","35.4
100","33.9
165","66.1
262","-6.8
176"
214,East Carolina,Amer,27,"14-13
5–9","102.1
225","105.2
184",".4149
214","47.8
299","49.6
128","19.4
254","17.6
216","33.7
31","28.6
184","36.5
50","33.7
246","48.2
258","49.4
148","31.5
297","33.3
131","67.6
176","-6.7
173"
215,"Texas St.
   (H) 103 South Alabama",SB,26,"13-16
6–10","102.8
210","106.1
211",".4086
215","47.2
321","51.4
228","17.9
142","19.2
118","31.6
82","28.1
167","34.1
98","42.3
350","47.4
285","50
177","31.2
317","36.1
293","64.4
327","-10.2
250"
216,"Morehead St.
   (A) 347 Eastern Illinois",OVC,25,"19-10
12–4","101.9
229","105.4
187",".4064
216","49.4
233","49.8
143","19.5
257","15.6
329","27.8
210","25
39","37.7
37","28.5
104","47.3
293","50.2
185","35.2
108","32.6
94","64.3
330","-5.6
156"
217,"Army
   (H) 306 Boston University",Pat,27,"15-14
9–7","104.3
185","107.8
244",".4055
217","54.1
31","51.4
228","19.8
274","16.2
305","26.2
247","24.7
33","31.2
181","29.1
127","54.5
34","52.8
301","35.6
93","32.8
105","68.8
121","-10.9
268"
218,New Mexico St.,WAC,21,"9-15
2–10","103.9
191","107.7
242",".3999
218","50.2
199","53.7
312","18.3
176","19.1
123","27
230","26.5
88","34.7
80","37
301","48.8
241","52.5
285","35.1
116","36.8
320","69.5
89","-8.5
220"
219,UT Arlington,WAC,24,"10-17
5–9","100.1
273","103.7
149",".3992
219","45.3
345","51.2
218","21.5
336","20.1
80","33.7
31","30.5
272","32.7
131","37.6
310","43.8
348","49
131","32.1
271","36.5
306","66.1
264","-10.7
263"
220,Delaware,CAA,28,"14-15
6–10","102.4
215","106.2
216",".3966
220","50.2
199","51.7
248","17.4
99","18.7
146","24.8
292","30.1
252","33.3
113","28.6
109","51.2
142","49.3
141","32.3
260","37.5
341","67.8
170","-9.3
239"
221,Oregon St.,P12,27,"10-18
4–13","97.6
317","101.3
111",".3961
221","46.8
329","49.1
109","21.3
331","18.7
146","24.6
297","30.5
272","32.4
140","33.6
243","45.8
329","49.4
148","32.2
265","32.5
89","64
337","-7.5
194"
222,Detroit,Horz,28,"13-16
9–9","111.1
64","115.2
350",".3960
222","52.2
91","53.5
307","17.6
114","17.1
249","35.4
16","30.7
286","27.1
307","28.3
99","46.8
310","52
261","39.6
3","37.3
335","67.8
168","-10.4
258"
223,"Rhode Island
   (H) 208 George Washington",A10,26,"8-18
4–10","98.5
297","102.5
126",".3899
223","44
358","48.6
89","20.9
322","17.6
216","32.2
67","29.5
226","37.9
34","32
205","43.8
348","48.7
113","29.7
344","32.2
81","67.5
180","-12.2
293"
224,Northwestern St.,Slnd,27,"19-9
11–4","104.7
175","109.2
278",".3828
224","51
158","50.9
199","17
76","21.5
37","33.7
31","35
355","26.4
323","39.4
331","48.7
243","51.8
248","36.3
61","32.7
100","66.8
225","-3.9
123"
225,"Queens
   (H) 34 Liberty",ASun,26,"17-12
7–9","108.0
117","112.6
328",".3821
225","52
98","53.2
302","17.5
109","15.7
326","30.2
128","27.1
116","35.9
59","24.4
22","51.6
113","52.6
287","35
125","36.3
297","70.1
55","-7.9
204"
Rk,Team,Conf,G,Rec,AdjOE,AdjDE,Barthag,Efg%,EfgD%,TOR,TORD,ORB,DRB,FTR,FTRD,2P%,2P%D,3P%,3P%D,Adj T.,WAB
226,Murray St.,MVC,28,"15-14
10–9","106.7
134","111.4
312",".3798
226","49
253","52.2
268","16.5
55","15.2
338","27.7
213","28
164","34.1
98","24.9
30","49.3
219","52.6
287","32.3
260","34.4
201","66.9
217","-7.2
185"
227,"Minnesota
   (A) 31 Maryland",B10,25,"7-18
1–14","99.0
292","103.3
144",".3790
227","47.7
302","49.6
128","19.3
247","14.9
347","25.1
284","31
296","30.6
209","21.9
6","48.9
234","47.7
77","30.3
337","35.9
283","65.4
295","-8.5
219"
228,"Jacksonville
   (H) 259 Bellarmine",ASun,24,"13-14
6–10","100.5
268","104.9
178",".3790
228","50.8
170","50.1
154","19.3
247","14.4
355","23.3
325","24.9
37","23.3
354","27.2
63","51.1
145","52.3
273","33.5
204","32
69","61.8
361","-8.6
223"
229,"Loyola Chicago
   (H) 163 Fordham",A10,26,"9-17
3–11","102.0
226","106.6
224",".3763
229","53.1
54","51.2
218","22.8
355","18.1
184","24.6
297","29.1
210","30.4
217","38
318","54.5
34","51.5
236","34.2
167","33.7
153","66.3
254","-10.6
262"
230,Portland St.,BSky,26,"12-16
6–9","103.5
201","108.4
260",".3701
230","49.4
233","55.5
352","16.9
72","21.8
31","24.7
296","31.2
305","34.6
86","45.5
358","49.7
204","55.3
346","32.7
241","37.1
329","72.2
15","-10.3
252"
231,Northern Colorado,BSky,27,"10-18
5–11","105.5
158","110.5
296",".3701
231","52.2
91","53.1
300","17.7
124","14.3
357","24
313","27.4
130","29.9
234","31.4
189","50
195","54.8
334","36.9
39","33
110","69.9
72","-11
274"
232,"North Alabama
   (H) 129 Kennesaw St.",ASun,26,"18-11
10–6","105.8
153","110.9
305",".3667
232","52
98","52.3
276","15.7
29","15
344","24.2
307","26.8
100","32.1
147","32.3
211","50.5
167","49.9
174","36.6
48","37.6
342","68.8
122","-5.5
153"
233,"UMBC
   (H) 138 UMass Lowell",AE,28,"17-12
7–7","106.7
135","112.2
321",".3599
233","52
98","53.6
310","15.2
19","17
254","26.8
234","26.3
83","26.8
316","24.7
27","52.6
76","51.5
236","34.1
177","37.8
348","68.1
155","-7.5
193"
234,Northern Illinois,MAC,26,"11-17
7–8","100.7
262","105.9
201",".3597
234","51.6
126","50.8
194","20.3
297","18.8
141","25.5
271","32.9
331","33.4
110","35.4
270","51.9
97","51.2
223","34.1
177","33.4
135","69.2
104","-10.7
264"
235,"Wofford
   (A) 356 VMI",SC,26,"15-14
7–9","108.1
114","113.8
341",".3553
235","52.4
84","54.6
339","16.4
48","16.8
266","27.5
219","29
203","30.6
209","25.2
34","54.7
28","56.1
352","32.6
244","35.1
249","65.6
289","-8.3
213"
236,UC San Diego,BW,26,"9-19
4–12","101.8
237","107.3
238",".3527
236","48.9
255","51.2
218","18.2
165","16.8
266","23.5
321","29.6
233","26
327","28.7
111","49.3
219","48.9
125","32.1
271","36.8
320","65.8
276","-13.3
305"
237,Northern Arizona,BSky,27,"8-21
4–12","103.9
193","109.6
284",".3522
237","49.2
241","54.4
335","16.3
42","16.9
260","26.1
252","25.2
50","26.4
323","37.6
310","47.2
297","54.8
334","35
125","35.9
283","66.8
224","-14
324"
238,"Campbell
   (A) 246 Winthrop",BSth,26,"13-15
8–8","102.0
227","107.7
243",".3490
238","51.8
113","52.5
281","18.6
205","18.6
157","23.3
325","26.8
100","37.1
43","30.1
156","53.7
50","53.9
321","32.7
241","33.6
145","64.5
324","-11
273"
239,Robert Morris,Horz,28,"15-15
10–9","98.5
299","104.0
156",".3478
239","49.7
221","49.5
123","20.1
291","19.1
123","29.7
144","27.9
156","25.3
334","29.9
152","50.7
162","46.9
54","32
277","36.5
306","66.5
242","-10.3
254"
240,Nicholls St.,Slnd,23,"14-13
9–6","101.5
244","107.2
235",".3474
240","50.8
170","52.7
291","18.7
210","23.2
16","28.8
180","33.2
341","26.6
318","48.8
361","50.4
172","51.7
244","34.4
162","36.3
297","71.1
31","-7.4
192"
241,"South Carolina
   (H) 2 Alabama",SEC,27,"10-17
3–11","102.3
217","108.1
251",".3466
241","47
326","52.7
291","19.9
280","15.9
315","33
44","32.4
321","26.9
313","29.6
144","45.1
334","53.3
311","33
228","34.3
195","64.8
313","-8.1
209"
242,Milwaukee,Horz,25,"18-10
12–6","101.2
249","107.0
234",".3457
242","51.8
113","47.9
63","21.9
345","18.1
184","31.5
87","33.5
343","31.7
162","29.2
132","51.1
145","48.6
106","35.2
108","31.4
49","71.2
28","-5.4
151"
243,Howard,MEAC,25,"17-11
9–2","103.0
208","109.0
272",".3433
243","51.8
113","52.8
296","23
356","21
48","32.2
67","30.7
286","33.4
110","34.3
257","50
195","52.4
278","36.6
48","35.7
277","69.7
79","-6.7
175"
244,Fort Wayne,Horz,27,"16-13
8–10","100.2
271","106.2
215",".3379
244","49.8
216","51.6
241","19.1
234","17.6
216","27.7
213","25.5
59","28.6
270","22.4
10","49.8
201","55.3
346","33.2
223","30.5
25","69
111","-8.3
214"
245,"North Florida
   (H) 155 Eastern Kentucky",ASun,26,"12-16
7–9","108.5
104","115.1
348",".3376
245","52.8
69","52.5
281","17.4
99","13.1
361","25.3
280","32.7
328","30.1
227","23.9
20","52.6
76","51.7
244","35.4
100","36.3
297","68.4
144","-9.2
235"
246,"Winthrop
   (H) 238 Campbell",BSth,27,"13-16
8–8","107.1
129","113.6
340",".3353
246","54.9
20","54.4
335","21.4
334","17.9
199","26.2
247","34.5
352","40.6
15","30.5
166","53.2
65","55
340","38
14","35.7
277","67.4
189","-10.4
256"
247,Idaho St.,BSky,26,"9-19
6–9","102.1
221","108.5
263",".3340
247","50.5
188","50.9
199","17.8
130","18
192","24.4
301","27.8
153","28.9
261","36.1
283","51
153","51.8
248","33.1
224","32.6
94","65.8
277","-13.7
317"
248,UT Rio Grande Valley,WAC,24,"14-14
4–10","101.9
230","108.4
259",".3305
248","50.6
178","51.9
253","22.7
352","17.1
249","29.8
142","29.5
226","46.7
2","36.5
293","50.8
158","51.8
248","33.4
214","34.6
214","72.9
7","-8
207"
249,"Mercer
   (A) 92 Furman",SC,27,"12-17
5–11","99.1
290","105.3
185",".3305
249","48.7
263","49.6
128","17.4
99","17.4
234","28.9
177","27.9
156","28.7
268","34.3
257","48.1
263","48.5
101","33.4
214","34.6
214","65.2
303","-12.6
301"
250,"East Tennessee St.
   (H) 325 The Citadel",SC,27,"10-19
6–10","100.1
272","106.6
223",".3278
250","50.7
173","50.6
182","19.8
274","17.6
216","29.9
139","28.9
195","30.1
227","27.2
63","52.4
80","51.7
244","31.7
289","32.7
100","66.6
233","-14.4
333"
Rk,Team,Conf,G,Rec,AdjOE,AdjDE,Barthag,Efg%,EfgD%,TOR,TORD,ORB,DRB,FTR,FTRD,2P%,2P%D,3P%,3P%D,Adj T.,WAB
251,Fairfield,MAAC,26,"12-15
8–9","98.3
303","104.9
177",".3225
251","45.4
344","48.5
84","18.2
165","18.2
180","29.3
163","29.4
221","39.1
27","27.8
83","47.6
281","51
214","27.6
360","28.5
6","65.1
307","-10.4
255"
252,Niagara,MAAC,25,"14-12
9–8","99.9
275","106.9
232",".3162
252","49.6
223","49
104","18.4
184","16.5
283","25.6
269","28
164","31
188","33.5
239","48.9
234","47
57","33.9
187","35.9
283","63.1
351","-7.6
197"
253,Alcorn St.,SWAC,26,"15-11
12–2","101.7
238","108.9
269",".3144
253","45
353","52.2
268","18.7
210","21.3
39","35
18","31.6
311","33.2
116","40.5
339","45.5
331","52.8
301","29.2
352","34.3
195","67.2
198","-5.2
148"
254,"Jacksonville St.
   (A) 321 Central Arkansas",ASun,26,"11-18
4–12","99.8
280","106.8
229",".3135
254","49.2
241","52.8
296","20.5
309","16.6
281","29.1
169","24.6
31","30.7
202","30.4
163","47.1
301","53.1
306","34.7
147","34.9
239","65.3
296","-11.6
279"
255,California,P12,27,"3-24
2–14","98.4
302","105.5
192",".3101
255","44.4
356","51.9
253","20.8
318","16
310","26
256","30.1
252","31
188","31.4
189","43.6
353","52.7
292","30.8
328","33.7
153","63.1
349","-13.5
312"
256,Tennessee Martin,OVC,25,"18-11
10–6","102.1
223","109.5
282",".3096
256","50.7
173","49
104","17
76","16.7
272","27.5
219","28.8
192","36.4
51","34
250","51.9
97","49.8
171","32.5
251","31.9
68","71.7
22","-7.9
202"
257,SIU Edwardsville,OVC,26,"17-12
8–8","99.4
286","106.6
222",".3092
257","47.8
299","49.5
123","18.5
197","19.5
101","30.4
116","29.7
238","40.1
19","34.4
260","48.6
245","48.6
106","31
323","34.1
179","69.7
78","-8.4
217"
258,Sacramento St.,BSky,26,"13-15
6–9","101.9
234","109.3
280",".3082
258","50
210","52.2
268","20.3
297","14.5
353","33.1
40","25.1
45","27
309","23.5
15","48.6
245","51
214","34.9
134","36.5
306","62.4
359","-9.4
243"
259,"Bellarmine
   (A) 228 Jacksonville",ASun,26,"13-16
8–8","100.9
255","108.3
256",".3078
259","51.4
133","53.4
305","18.4
184","17.6
216","19.8
357","27.7
144","25.9
329","33.2
233","53.2
65","54.6
331","32.7
241","34.9
239","62.4
356","-9.4
241"
260,"Western Carolina
   (A) 98 UNC Greensboro",SC,26,"16-13
9–7","100.8
259","108.2
254",".3072
260","48.5
274","51.9
253","16
37","16.7
272","25.4
273","25.1
45","35.9
59","33.5
239","47.8
273","52.2
268","32.9
233","34.2
186","68.6
134","-8.3
215"
261,Bowling Green,MAC,26,"10-18
4–11","104.9
170","112.7
330",".3055
261","51.1
153","54.3
331","17.5
109","16.4
290","29.2
165","27.9
156","31.9
153","33.4
237","50.2
180","53.5
317","35.1
116","37.1
329","69.9
64","-13.5
314"
262,"USC Upstate
   (A) 341 Presbyterian",BSth,25,"13-14
8–8","98.5
300","106.0
206",".3001
262","51.9
106","50.1
154","20.3
297","20.5
65","25.4
273","33.6
345","32.5
137","43.3
351","52.7
72","49.6
160","33.6
201","33.9
165","67.9
162","-9.3
236"
263,"Louisiana Monroe
   (H) 157 Troy",SB,26,"11-18
7–9","98.2
306","105.7
199",".2998
263","45.3
345","51.8
250","19
227","18.1
184","27.7
213","30.7
286","30.7
202","28.4
101","41.9
361","50.9
209","34.1
177","35.6
275","66.4
246","-10.8
267"
264,Dartmouth,Ivy,24,"9-17
5–7","98.1
309","105.7
195",".2995
264","48.7
263","50.3
165","20
287","16.3
296","23.4
324","26.3
83","29.4
244","32.3
211","49.6
208","50.5
194","31.6
292","33.3
131","68.7
129","-12.2
294"
265,Louisville,ACC,28,"4-24
2–15","101.5
243","109.3
281",".2977
265","48.4
276","54.1
326","22.7
352","15.8
320","27.4
222","29.3
218","33.1
119","30.2
159","46.9
309","54.9
338","33.9
187","35.2
255","67.3
196","-14.4
332"
266,Southern,SWAC,25,"13-14
9–5","98.3
304","106.0
204",".2966
266","49.4
233","51.7
248","20.6
314","22.8
19","24.5
300","28.9
195","33.5
106","44.2
355","47.4
285","52.7
292","35
125","33.5
140","71.9
21","-8.4
216"
267,North Dakota,Sum,27,"11-18
5–11","102.6
212","110.8
302",".2913
267","50.2
199","53.7
312","17
76","16.3
296","25.7
265","27.2
118","27.5
300","30
154","49.2
223","53.2
309","34.2
167","36.6
311","66.8
221","-12.7
302"
268,"Valparaiso
   (H) 74 Bradley",MVC,28,"11-18
5–13","99.8
282","107.9
246",".2880
268","49.2
241","51.6
241","17.9
142","16
310","23.1
330","24.3
22","28.8
266","32.8
224","51.8
105","51.8
248","29.7
344","34.2
186","68
158","-12
289"
269,"New Hampshire
   (H) 274 Maine",AE,23,"12-13
7–6","96.6
327","104.6
169",".2859
269","45.8
337","48
67","15.2
19","16.3
296","25.9
261","27.2
118","27.8
292","30.3
161","42.3
360","48.7
113","33.9
187","31
40","65
311","-9.4
242"
270,Southeast Missouri St.,OVC,27,"15-14
10–6","99.7
284","107.9
246",".2859
270","50.3
195","52.2
268","17.6
114","19.5
101","23.2
327","27.7
144","36.9
46","43.9
353","50.1
187","51.2
223","33.8
194","35.9
283","72.5
12","-9.8
246"
271,Maryland Eastern Shore,MEAC,22,"15-11
7–4","95.0
341","103.0
135",".2827
271","48.6
267","51.6
241","21.7
342","24.1
8","27.9
207","32.4
321","28.6
270","35.2
269","47.2
297","52.7
292","33.7
196","33.1
116","69.1
108","-6
159"
272,Southern Indiana,OVC,26,"15-14
8–8","103.8
197","112.5
327",".2826
272","51
158","52
264","18.5
197","16.7
272","32.3
61","24.7
33","33
124","40
335","47
304","51.8
248","37.5
24","34.9
239","69.5
87","-10.6
261"
273,"Lehigh
   (H) 292 Bucknell",Pat,25,"15-12
10–6","98.5
298","106.9
231",".2825
273","50.1
208","51
205","17.8
130","16.7
272","19.5
358","26.8
100","30.6
209","28.8
116","48.3
256","52.1
266","35.6
93","32.7
100","70
61","-7.9
201"
274,"Maine
   (A) 269 New Hampshire",AE,24,"11-15
5–8","99.8
279","108.3
258",".2810
274","51.9
106","53.8
316","18.5
197","20.8
57","21.8
341","29.6
233","22.7
358","29.2
132","51.4
125","54.8
334","35.2
108","34.7
222","66.2
257","-10.4
259"
275,Canisius,MAAC,25,"7-19
5–12","102.8
209","111.5
314",".2809
275","48.4
276","53.8
316","17.4
99","18.2
180","28.7
183","30.3
264","25.2
335","29.4
138","46.5
318","52.5
285","34.1
177","37.7
345","67.7
173","-13.9
319"
Rk,Team,Conf,G,Rec,AdjOE,AdjDE,Barthag,Efg%,EfgD%,TOR,TORD,ORB,DRB,FTR,FTRD,2P%,2P%D,3P%,3P%D,Adj T.,WAB
276,"Coastal Carolina
   (A) 178 Georgia Southern",SB,25,"11-17
5–11","104.2
186","113.2
337",".2802
276","47.5
310","52.1
266","17.9
142","15.6
329","30.9
99","31.2
305","29.2
248","28.1
92","47.9
269","51.3
227","31.3
312","35.3
259","68.1
154","-12.1
290"
277,Oakland,Horz,28,"12-17
10–8","102.2
220","110.9
304",".2800
277","49.1
249","54.7
342","15.5
23","18.8
141","24.8
292","33
337","30.3
219","22.2
8","51.3
135","54.3
325","30.5
336","36.8
320","68.8
123","-11
270"
278,"Georgia St.
   (H) 166 Appalachian St.",SB,25,"10-18
3–13","96.4
329","104.7
173",".2792
278","45.6
339","49.7
137","20
287","18
192","30.3
123","29.1
210","32.5
137","35.4
270","46.5
318","48.4
96","29
354","34.8
231","67.5
182","-13
304"
279,Tennessee St.,OVC,25,"17-12
9–7","100.2
270","109.0
273",".2755
279","51.3
141","49.5
123","17.5
109","18.7
146","25.7
265","27.8
153","35
77","40.2
338","49.2
223","48.7
113","36.2
66","33.9
165","70.5
43","-9.6
244"
280,"Lafayette
   (H) 114 Colgate",Pat,29,"9-20
7–9","93.8
349","102.1
121",".2747
280","48.3
281","50.5
176","18.1
155","19.2
118","23.5
321","26.2
80","23.8
351","29.7
145","47.8
273","50.6
197","32.6
244","33.6
145","62.8
354","-14.3
329"
281,"Illinois Chicago
   (A) 348 Evansville",MVC,28,"11-18
3–15","98.2
308","106.9
230",".2741
281","48.4
276","51.3
225","18.6
205","20.5
65","22.8
334","30.9
292","34.7
80","34.4
260","47.4
285","51.6
239","33.1
224","33.8
158","69.3
97","-12.1
292"
282,Southeastern Louisiana,Slnd,25,"15-13
9–6","103.7
199","112.8
332",".2739
282","50.6
178","55.2
348","17.2
90","19.8
88","26.9
233","30.3
264","33.2
116","33.9
248","48.9
234","53.6
318","35.8
81","38.2
352","69.3
100","-8.3
212"
283,Tulsa,Amer,27,"5-22
1–15","101.1
251","110.1
292",".2729
283","48.2
287","53.7
312","19
227","17.2
242","25.4
273","33.2
341","25.9
329","28.6
109","49.5
213","57.5
361","31
323","31.8
66","68.7
130","-13.4
309"
284,"Illinois St.
   (A) 61 Drake",MVC,29,"10-19
5–13","100.9
254","110.0
288",".2719
284","50.4
192","51.9
253","21.7
342","16.9
260","28.5
189","27.5
137","32.1
147","34.9
267","50.5
167","52.6
287","33.5
204","33.8
158","65.2
301","-14.1
326"
285,"American
   (H) 201 Navy",Pat,27,"15-12
7–9","100.7
261","109.8
287",".2704
285","55.7
11","51.6
241","22.3
350","19.5
101","26.1
252","27.7
144","28.4
277","31.9
203","57.5
7","49.3
141","35.1
116","37.6
342","63.2
348","-8.7
226"
286,Cal St. Bakersfield,BW,25,"10-17
6–10","97.2
320","105.9
203",".2701
286","45.6
339","51.4
228","19.9
280","19.8
88","27
230","28.2
172","30.2
224","42.1
348","44.1
347","51.1
219","33.5
204","34.5
206","63.3
346","-11.8
285"
287,Denver,Sum,28,"14-16
5–12","101.0
252","110.2
294",".2688
287","52.3
88","51.9
253","21.2
328","15.7
326","29.8
142","27.8
153","40.1
19","27.6
77","53.3
61","52.3
273","32.8
237","34.1
179","68.8
125","-11.8
282"
288,Prairie View A&M,SWAC,26,"11-17
7–8","93.7
350","102.3
124",".2675
288","44.8
355","48.3
79","20.1
291","20.9
54","32
75","28.5
182","33.8
101","43.3
351","44.7
340","47.4
67","30
339","33.2
123","67.8
171","-11.8
284"
289,UTSA,CUSA,26,"8-20
2–15","101.3
247","110.9
303",".2621
289","47
326","51.6
241","19.6
261","15
344","27.8
210","32.1
315","36.4
51","30.8
173","44.7
340","51.4
234","33.6
201","34.6
214","68.6
132","-13.4
310"
290,Mount St. Mary's,MAAC,27,"10-18
6–11","97.0
323","106.2
214",".2617
290","48.4
276","49.6
128","20.8
318","18.9
135","27.7
213","29.4
221","24.4
344","30.6
168","44.9
337","48.1
88","36.8
42","34.7
222","66.4
249","-13.3
307"
291,Northeastern,CAA,27,"10-17
6–10","98.8
294","108.2
252",".2611
291","48.8
258","49.7
137","21.4
334","14.9
347","31.9
77","26.5
88","27.7
295","31.7
198","47.4
285","48.7
113","34.1
177","34.7
222","67.6
178","-12.1
291"
292,"Bucknell
   (A) 273 Lehigh",Pat,28,"11-18
4–12","98.7
295","108.2
253",".2587
292","51.3
141","50.9
199","20.8
318","15.5
333","26.2
247","25.5
59","27.6
297","28.1
92","51.5
119","48.9
125","34
185","36.2
295","67.2
206","-14.1
327"
293,Elon,CAA,27,"8-21
6–10","99.8
278","109.5
283",".2564
293","47.9
293","51.9
253","18.1
155","17.4
234","25.1
284","30.5
272","27.8
292","28.7
111","50.5
167","51.6
239","29.4
347","34.8
231","66.8
222","-15.9
349"
294,UMKC,Sum,27,"11-18
7–9","96.8
325","106.3
217",".2538
294","43.6
359","48.9
98","20
287","18
192","36.7
10","30.1
252","34.7
80","40
335","45.1
334","47.8
82","27.1
362","33.6
145","64.4
326","-12.4
297"
295,Chicago St.,ind,25,"11-18
2–0","100.8
260","110.7
299",".2536
295","48.4
276","51.4
228","21.2
328","17
254","33.3
37","32.9
331","33.3
113","35.8
279","48.1
263","52.3
273","32.6
244","33.1
116","65.1
305","-11.8
286"
296,Miami OH,MAC,25,"10-18
4–11","102.6
211","112.8
333",".2512
296","51.3
141","54.6
339","19.6
261","18.2
180","26.7
239","32.1
315","31.7
162","37.7
313","53.5
51","55
340","32.2
265","35.9
283","67.4
184","-12.8
303"
297,Tennessee Tech,OVC,26,"13-16
9–7","100.9
258","111.0
308",".2499
297","51.1
153","52.4
278","17.8
130","18.6
157","23.2
327","30.6
282","29
257","24.8
28","47.8
273","52.2
268","37.1
37","35.1
249","66.6
237","-11.9
288"
298,Idaho,BSky,26,"10-18
4–11","103.8
196","114.5
345",".2442
298","52.8
69","54.2
328","17.1
83","16.2
305","19.9
355","28.1
167","35.9
59","32.9
228","55.9
15","52.7
292","31.7
289","38.4
355","66.3
253","-13.9
321"
299,Manhattan,MAAC,24,"10-15
8–8","98.2
307","108.5
262",".2423
299","49.8
216","51.1
210","20.4
304","21.1
44","25.7
265","34.9
354","34.1
98","31.2
183","49
230","49.5
154","34.2
167","36
292","67.4
192","-11
272"
300,Texas Southern,SWAC,26,"11-17
7–8","94.5
345","104.8
174",".2343
300","45.6
339","49.5
123","20.4
304","18.7
146","28.3
194","27.7
144","34.7
80","36.1
283","47.1
301","48.4
96","28.1
358","34.4
201","69.8
76","-10.9
269"
Rk,Team,Conf,G,Rec,AdjOE,AdjDE,Barthag,Efg%,EfgD%,TOR,TORD,ORB,DRB,FTR,FTRD,2P%,2P%D,3P%,3P%D,Adj T.,WAB
301,"Binghamton
   (A) 102 Vermont",AE,24,"12-14
8–5","99.7
283","110.7
298",".2303
301","50
210","50.7
187","19.8
274","15.9
315","29.4
159","28.1
167","29.6
239","36.4
292","51.2
142","50.6
197","31.3
312","33.8
158","66.4
250","-10.3
251"
302,Merrimack,NEC,27,"13-16
10–4","89.8
362","99.8
79",".2300
302","46.9
328","50.5
176","21.5
336","26.4
1","20.1
352","35.5
359","34.7
80","26.4
52","47.4
285","50.3
189","30.9
326","33.9
165","66
271","-11.7
280"
303,"Charleston Southern
   (A) 193 UNC Asheville",BSth,25,"8-19
4–12","106.5
141","118.5
359",".2262
303","50.3
195","55.3
349","18.3
176","16.3
296","33.1
40","31.1
301","27.7
295","35.5
273","49.9
199","55
340","34
185","37.1
329","65.5
293","-14.3
330"
304,Western Illinois,Sum,24,"15-12
8–8","100.9
256","112.6
329",".2213
304","50.1
208","53.7
312","15.6
26","16.5
283","26.5
244","26.6
93","33.5
106","26.8
57","51.9
97","55.3
346","31.5
297","33.6
145","67.2
203","-8.3
211"
305,Morgan St.,MEAC,23,"13-14
6–6","94.7
344","105.8
200",".2184
305","47.4
315","50.6
182","21.6
338","24
10","30.5
110","38.7
363","31.4
175","44
354","44.4
346","52.6
287","36.2
66","31.3
45","70.6
42","-9
229"
306,"Boston University
   (A) 217 Army",Pat,28,"13-16
6–10","97.6
318","109.0
274",".2176
306","47.1
324","51
205","18.3
176","18.7
146","29.1
169","25.2
50","29.9
234","35.9
281","46.5
318","50.3
189","32
277","34.7
222","66.1
267","-11.8
283"
307,Arkansas Pine Bluff,SWAC,24,"10-18
6–9","95.9
332","107.5
240",".2124
307","45.3
345","51.4
228","22.1
347","21.1
44","27.1
229","29.4
221","33.6
105","42.2
349","43.8
348","52
261","31.5
297","33.5
140","69.9
71","-12.4
295"
308,"Arkansas St.
   (A) 95 Louisiana Lafayette",SB,26,"11-18
3–13","97.8
314","109.7
285",".2115
308","46.6
331","50.9
199","18.8
219","17.1
249","29.2
165","26.8
100","35.4
72","35.4
270","44.8
339","48.8
120","33.4
214","36.6
311","63.5
344","-13.3
306"
309,William & Mary,CAA,27,"10-19
5–11","100.6
264","112.9
334",".2111
309","49.5
228","54
321","19.2
240","16.5
283","28.2
200","30.5
272","29
257","28.1
92","46.7
313","54.5
330","36.3
61","35.4
262","65.3
299","-13.5
313"
310,Eastern Michigan,MAC,27,"7-21
4–11","101.8
236","114.2
342",".2104
310","49.3
239","55.6
353","16.8
68","17.1
249","25.1
284","32.6
326","31.8
160","36.1
283","50.4
172","59.1
363","31.4
305","33.9
165","69.9
68","-15.1
343"
311,"High Point
   (H) 177 Radford",BSth,26,"13-15
5–11","99.9
276","112.2
322",".2083
311","50.6
178","50.5
176","20.3
297","16.3
296","30.6
108","32.6
326","39.7
23","35.5
273","51.4
125","52
261","32.8
237","32.1
77","72.1
17","-11
271"
312,"NJIT
   (H) 205 Bryant",AE,25,"7-19
4–9","97.9
312","110.1
290",".2071
312","48.2
287","52.2
268","16.4
48","15.4
336","24.1
310","28.7
188","30.1
227","28
88","46.4
322","53.4
314","34.5
158","33.6
145","66.6
230","-14.7
337"
313,South Dakota,Sum,26,"11-17
6–10","101.0
253","113.6
339",".2059
313","49.4
233","53.2
302","17.9
142","14.5
353","24.8
292","27.4
130","28.9
261","31.9
203","44.7
340","52.1
266","37.8
18","36.6
311","66.8
226","-11.9
287"
314,Jackson St.,SWAC,27,"9-18
8–6","98.9
293","111.4
313",".2038
314","47.4
315","54.2
328","21.6
338","19.4
110","32.9
46","29
203","31.4
175","36.6
295","47.5
284","54.4
327","31.4
305","35.9
283","68.9
120","-11.2
276"
315,Marist,MAAC,26,"9-17
5–12","95.2
338","107.2
236",".2035
315","47.1
324","49.1
109","17.8
130","18
192","24.2
307","26.9
107","27.1
307","29.4
138","47.3
293","45.5
22","31.2
317","36.6
311","66.1
268","-14
325"
316,Fairleigh Dickinson,NEC,27,"16-13
9–5","105.4
161","118.8
361",".2003
316","51.3
141","56.6
360","16.5
55","22.1
27","30.1
135","29.5
226","27.8
292","34.1
253","51.5
119","57
357","33.9
187","37.4
339","69.9
66","-10.3
253"
317,Cal Poly,BW,27,"7-22
1–16","93.6
352","105.7
197",".1981
317","45.5
343","51.1
210","21
324","18.5
163","24.6
297","24.5
27","30.5
215","41.2
343","46.2
325","49.7
168","29.4
347","35.7
277","64.2
333","-15.7
347"
318,Saint Peter's,MAAC,24,"10-15
5–11","95.0
342","107.2
237",".1978
318","42.6
362","49.1
109","19.7
268","19.4
110","36.1
11","28.9
195","27.3
301","53.1
363","42.6
358","48.4
96","28.4
357","33.6
145","63.7
343","-10.7
266"
319,North Carolina A&T,CAA,26,"12-17
7–9","99.1
289","112.1
320",".1966
319","48
290","51
205","17.6
114","15.8
320","23.7
317","30.6
282","30
231","28.9
120","47.1
301","51.8
248","32.8
237","33.2
123","70.4
46","-11.2
275"
320,Alabama A&M,SWAC,25,"12-16
8–7","96.2
330","108.8
266",".1952
320","48.6
267","50.5
176","20.4
304","21.8
31","28.3
194","34
348","34.7
80","42
347","46.8
310","48.8
120","34.9
134","35.4
262","69.9
70","-12.5
299"
321,"Central Arkansas
   (H) 254 Jacksonville St.",ASun,28,"9-20
4–12","99.3
287","112.4
326",".1929
321","47.5
310","54.3
331","18.1
155","16.7
272","28.4
191","30.5
272","24.8
340","29.7
145","47.2
297","54.9
338","31.9
282","35.5
266","72.6
11","-13.9
320"
322,Western Michigan,MAC,25,"7-21
3–12","102.6
212","116.2
355",".1926
322","48.8
258","54.5
337","19.5
257","14.6
352","32.9
46","28.9
195","29.1
251","32.8
224","49.5
213","54.2
324","31.8
285","36.7
317","66.1
265","-15
341"
323,St. Francis PA,NEC,25,"11-16
8–6","101.7
241","115.2
349",".1912
323","51.8
113","52.5
281","19.1
234","15.1
340","26.2
247","28.2
172","31.9
153","30.6
168","50.2
180","52.6
287","36.5
54","34.8
231","69.5
92","-12.5
298"
324,Nebraska Omaha,Sum,28,"8-21
4–13","100.9
257","114.4
343",".1909
324","49.1
249","54
321","18.8
219","15.6
329","24.9
290","29.5
226","29.5
241","32.8
224","48.4
255","52.9
303","33.9
187","37
328","68
157","-14
323"
325,"The Citadel
   (A) 250 East Tennessee St.",SC,28,"10-19
5–11","98.6
296","111.9
316",".1893
325","50.6
178","51.9
253","18.5
197","16.5
283","20.4
351","31.1
301","28.3
280","33.6
243","50.1
187","53.3
311","34.2
167","33.4
135","67.9
165","-13.5
315"
Rk,Team,Conf,G,Rec,AdjOE,AdjDE,Barthag,Efg%,EfgD%,TOR,TORD,ORB,DRB,FTR,FTRD,2P%,2P%D,3P%,3P%D,Adj T.,WAB
326,Stonehill,NEC,29,"14-16
10–5","95.2
339","108.1
250",".1877
326","50.9
166","50.3
165","19.5
257","19.5
101","19.3
359","31
296","32.3
142","27.2
63","49.7
204","49
131","35.1
116","34.8
231","67.2
202","-11.6
278"
327,Texas A&M Commerce,Slnd,28,"12-17
8–7","98.3
305","111.7
315",".1867
327","51.3
141","52.7
291","19
227","17.9
199","26.8
234","29
203","27.9
289","37.9
317","55.5
19","53.6
318","30.8
328","34
174","65.7
280","-12.6
300"
328,Wagner,NEC,23,"13-12
6–8","93.6
351","106.4
220",".1863
328","45.1
351","49
104","19.1
234","21.2
41","33.3
37","25.8
67","24.6
343","49
362","44.5
344","50.1
182","30.7
331","31.4
49","63.1
350","-9.4
240"
329,"Austin Peay
   (A) 168 Stetson",ASun,26,"9-20
3–13","96.5
328","110.1
293",".1803
329","46.2
335","54.2
328","17.6
114","19.8
88","26.4
245","31.8
312","26.8
316","37.3
305","45.6
330","56.3
354","31.5
297","33.4
135","65
308","-14.4
331"
330,McNeese St.,Slnd,27,"8-20
5–10","99.1
288","113.1
335",".1801
330","48.8
258","55.9
355","22
346","19.6
99","31.5
87","31.4
309","27.9
289","36.3
289","49.2
223","52.4
278","32.1
271","40.7
362","66.6
231","-13.7
316"
331,"Holy Cross
   (A) 333 Loyola MD",Pat,27,"10-19
7–9","95.6
334","109.2
279",".1771
331","48.7
263","51.6
241","17.8
130","17.7
210","21.3
346","30.1
252","26.2
325","28.5
104","46.4
322","54.4
327","35.8
81","31
40","68.9
119","-15.1
342"
332,Cal St. Northridge,BW,26,"6-22
3–14","95.2
340","108.9
271",".1750
332","43.6
359","51.1
210","19
227","18.4
171","27.4
222","30.5
272","35.8
62","38.3
322","42.9
357","50.3
189","30.1
338","35
244","65.6
288","-16.3
353"
333,"Loyola MD
   (H) 331 Holy Cross",Pat,27,"10-19
5–11","97.9
313","112.3
325",".1702
333","50.8
170","56.2
357","21.3
331","21
48","26.8
234","29
203","28.9
261","30.3
161","49.8
201","56.2
353","34.9
134","37.4
339","65.6
287","-14.8
340"
334,Little Rock,OVC,27,"9-20
5–11","100.7
263","115.6
352",".1690
334","48.5
274","56.2
357","17.9
142","19.2
118","29.5
153","30.7
286","31.7
162","36.1
283","48.6
245","55
340","32.2
265","38.7
357","71.1
33","-15.7
348"
335,Sacred Heart,NEC,28,"14-15
7–7","96.7
326","111.3
310",".1654
335","48.8
258","50.8
194","18.7
210","19.4
110","28.4
191","30.4
269","27
309","25.2
34","50
195","50.7
200","31.1
322","34
174","70.2
51","-11.7
281"
336,Central Michigan,MAC,26,"10-18
5–10","92.3
355","106.7
227",".1587
336","46.4
333","50.9
199","23.2
357","19.5
101","30.8
102","32.5
324","35.5
70","40.5
339","47.9
269","50.8
205","29.3
349","34.1
179","67.4
185","-12.4
296"
337,Incarnate Word,Slnd,25,"11-17
5–10","97.0
322","112.2
324",".1578
337","48.3
281","53.9
319","20.2
293","20.2
77","26.7
239","33.1
340","32.9
126","33.5
239","47.2
297","53.3
311","33.8
194","36.6
311","66.8
219","-13.4
311"
338,Stony Brook,CAA,27,"10-19
6–10","96.2
331","111.3
311",".1569
338","47.3
319","50.6
182","19.2
240","14.1
359","22.5
339","26.8
100","30.9
191","25.6
41","47.7
277","49.9
174","31.3
312","34.3
195","63.7
342","-14.1
328"
339,Central Connecticut,NEC,29,"10-19
7–7","97.7
315","113.1
336",".1568
339","48.6
267","51.2
218","18
150","16.9
260","28.3
194","28.6
184","22.9
356","26
46","48.1
263","50.4
192","32.9
233","35
244","64.6
320","-15.5
346"
340,South Carolina St.,MEAC,26,"5-22
2–9","99.8
281","115.5
351",".1560
340","47.5
310","58.1
363","20.5
309","20.8
57","33.4
35","33.9
347","28.5
275","44.4
356","47.6
281","57.2
359","31.6
292","39.7
361","72.1
19","-16.2
352"
341,"Presbyterian
   (H) 262 USC Upstate",BSth,27,"5-24
1–15","95.4
335","110.8
300",".1523
341","47.4
315","54.3
331","20.8
318","18.6
157","30.2
128","30
247","36.7
48","38.7
327","47.6
281","52.4
278","31.4
305","38.4
355","64.6
322","-19.6
360"
342,New Orleans,Slnd,24,"8-18
5–10","97.3
319","113.2
338",".1486
342","52.6
75","55.1
346","24.6
363","19.6
99","28.2
200","32.1
315","36.4
51","39.2
329","50.3
174","55
340","38.6
12","36.9
325","71.1
32","-13.8
318"
343,Columbia,Ivy,25,"7-20
2–10","94.3
346","110.1
291",".1437
343","44.4
356","51.5
237","19.6
261","17.5
228","26
256","30.5
272","28.4
277","28.8
116","44.7
340","52.4
278","29.3
349","33.2
123","70.1
59","-14.8
338"
344,Hampton,CAA,28,"7-22
4–12","98.1
311","115.0
346",".1388
344","45.1
351","54
321","15.8
32","15.6
329","26.2
247","30.3
264","32
150","35.9
281","43.2
355","52.9
303","32.3
260","37.3
335","68.9
116","-16.4
354"
345,Lindenwood,OVC,26,"9-20
4–12","95.3
336","111.9
317",".1360
345","48.3
281","52.2
268","19.7
268","17.8
207","23.2
327","30.3
264","25
339","31
179","45.5
331","51.3
227","35.5
97","35.7
277","67
212","-15.4
344"
346,Houston Christian,Slnd,25,"9-19
6–9","103.8
195","122.0
363",".1356
346","51.7
121","58
362","21.3
331","17
254","29
174","32.1
315","41.8
10","34.1
253","49.8
201","58.8
362","36.5
54","37.6
342","70.9
37","-14.8
339"
347,"Eastern Illinois
   (H) 216 Morehead St.",OVC,27,"9-20
5–11","94.0
348","111.1
309",".1276
347","47.8
299","51.9
253","19.3
247","20.2
77","25.9
261","32.8
330","33.1
119","33.9
248","47.4
285","52.7
292","32.6
244","33.9
165","68.4
142","-15.9
350"
348,"Evansville
   (H) 281 Illinois Chicago",MVC,29,"5-24
1–17","92.0
356","108.9
270",".1258
348","45.2
349","54.9
345","17.7
124","19
131","21
348","25.7
63","30.6
209","30.7
171","43.7
351","54.3
325","32
277","37.2
332","70.1
57","-17.5
356"
349,Albany,AE,27,"7-22
2–12","97.7
316","116.3
356",".1182
349","47.2
321","55.1
346","19.2
240","16.7
272","27.9
207","27.5
137","30.7
202","37.6
310","46.4
322","56.5
355","32.3
260","34.9
239","67.5
183","-16.7
355"
350,Alabama St.,SWAC,27,"8-20
6–9","94.0
347","112.1
319",".1171
350","42.5
363","49.9
147","18.1
155","17.7
210","31.2
94","35.2
358","31.7
162","34.2
255","40.7
363","49.1
133","30.9
326","34.2
186","67.2
200","-14.5
335"
351,Coppin St.,MEAC,28,"7-21
2–9","97.1
321","115.8
354",".1166
351","50.6
178","53.9
319","19.8
274","18.7
146","18.5
360","36.6
361","37.7
37","32.6
216","51
153","55.6
350","33.5
204","34.4
201","72.8
9","-14.4
334"
352,Florida A&M,SWAC,24,"7-19
5–10","90.7
360","108.7
265",".1108
352","45.2
349","50.7
187","24
362","17.8
207","27.3
226","35
355","29.1
251","44.8
357","43.3
354","52
261","32.5
251","32.3
83","64.8
315","-13.4
308"
353,Delaware St.,MEAC,24,"6-20
4–8","92.4
354","110.9
306",".1084
353","45.8
337","53.8
316","23.4
359","19.1
123","30.5
110","30.9
292","28.2
282","36.8
297","45.3
333","50.1
182","31.3
312","39.1
359","67.6
175","-14.7
336"
354,Bethune Cookman,SWAC,26,"10-18
6–9","95.8
333","115.1
347",".1084
354","46.3
334","53.1
300","18.4
184","18.8
141","26.8
234","34
348","31.3
180","34.2
255","43
356","52.4
278","35.4
100","36.1
293","69.3
98","-13.9
322"
355,Lamar,Slnd,25,"9-19
5–10","95.2
337","114.5
344",".1074
355","47.5
310","53.4
305","21
324","17.5
228","32.3
61","32.9
331","32.2
144","31.5
195","47.7
277","55
340","31.4
305","34.3
195","66.4
248","-15.4
345"
356,"VMI
   (H) 235 Wofford",SC,26,"6-23
1–15","97.0
324","116.8
357",".1055
356","47.9
293","56.1
356","20.5
309","14.4
355","29.1
169","27.7
144","20.3
361","27.7
79","45
336","57.2
359","34.5
158","36.7
317","66.9
216","-18.2
358"
357,Monmouth,CAA,29,"6-23
5–11","91.6
358","110.3
295",".1052
357","43.1
361","54.8
344","21.2
328","21
48","30.2
128","34.5
352","32.8
128","38.1
319","43.7
351","54
323","27.6
360","37.2
332","68.1
156","-16.1
351"
358,Mississippi Valley St.,SWAC,29,"4-25
3–12","92.7
353","112.2
323",".0997
358","45
353","53.6
310","23.4
359","19.5
101","28.6
184","33
337","38.7
29","38.9
328","42.5
359","53.4
314","34.6
154","35.9
283","67.4
191","-18
357"
359,St. Francis NY,NEC,25,"13-14
6–8","90.4
361","110.5
297",".0904
359","45.3
345","50
151","21.1
327","19.8
88","30.9
99","31
296","30.8
197","32.6
216","41.6
362","46.7
46","35.4
100","39.1
359","66.1
263","-11.3
277"
360,IUPUI,Horz,27,"4-25
1–17","94.8
343","118.5
360",".0715
360","49.2
241","55.6
353","23.6
361","17.4
234","28.3
194","32.2
319","30.8
197","34.7
264","51.4
125","54.8
334","29.3
349","37.9
350","67.4
187","-20.6
363"
361,Green Bay,Horz,29,"3-26
2–16","91.6
357","115.7
353",".0642
361","46.1
336","54.5
337","21.6
338","16.1
308","21.8
341","32.7
328","32.2
144","32.7
220","47
304","56
351","29.8
342","34.6
214","65.6
286","-20.2
362"
362,Hartford,ind,25,"5-23
0–2","91.3
359","119.0
362",".0451
362","47.7
302","55.4
350","22.7
352","17.6
216","25.2
283","33.5
343","24.1
348","27.7
79","47.4
285","53.8
320","32
277","38.7
357","65.8
278","-19.9
361"
363,LIU Brooklyn,NEC,25,"3-24
1–14","87.0
363","116.9
358",".0325
363","45.6
339","54.7
342","22.3
350","16.4
290","23.8
316","30.8
291","31.6
169","31.4
189","44.5
344","54.6
331","32.6
244","36.6
311","72.2
16","-19.6
359"
Rk,Team,Conf,G,Rec,AdjOE,AdjDE,Barthag,Efg%,EfgD%,TOR,TORD,ORB,DRB,FTR,FTRD,2P%,2P%D,3P%,3P%D,Adj T.,WAB